title,price,story_description,category,image_urls,size_title,size,description,id
Bright White with Tacao Peach Rose Printed Lightweight Premium Cotton Oversized Shirt,"1,997"," Story Embrace artistic charm with the Bright White with Tacao Peach Rose Printed Oversized Shirt.
Crafted from lightweight premium cotton, this half-sleeved shirt offers a perfect blend of comfort
and style. The unique rose print adds a playful touch, while the oversized fit exudes contemporary
chic. Whether for a casual day out or a creative ensemble, this shirt is a fashion-forward choice.
Embrace your individuality with this statement piece.",Menâ€™s Shirts,"https://cdn.shopify.com/s/files/1/0094/6326/7379/files/10044-BD-OSS-SS_1_360x.jpg?v=1687147878, https://cdn.shopify.com/s/files/1/0094/6326/7379/files/10044-BD-OSS-SS_1_800x.jpg?v=1687147878, https://cdn.shopify.com/s/files/1/0094/6326/7379/files/10044-BD-OSS-SS_2_800x.jpg?v=1687147878, https://cdn.shopify.com/s/files/1/0094/6326/7379/files/10044-BD-OSS-SS_4_800x.jpg?v=1687324117, https://cdn.shopify.com/s/files/1/0094/6326/7379/files/10044-BD-OSS-SS_5_800x.jpg?v=1687324117, https://cdn.shopify.com/s/files/1/0094/6326/7379/files/10044-BD-OSS-SS_6_800x.jpg?v=1687324116, https://cdn.shopify.com/s/files/1/0094/6326/7379/files/10044-BD-OSS-SS_7_800x.jpg?v=1687324116, https://cdn.shopify.com/s/files/1/0094/6326/7379/files/10044-BD-OSS-SS_8_800x.jpg?v=1687324116",Select Size,38 / XS|39 / S|40 / M|42 / L|44 / XL|46 / XXL|48 / 3XL|50 / 4XL|52 / 5XL,"Embrace artistic charm with the Bright White with Tacao Peach Rose Printed Oversized Shirt. Crafted
from lightweight premium cotton, this half-sleeved shirt offers a perfect blend of comfort and
style. The unique rose print adds a playful touch, while the oversized fit exudes contemporary chic.
Whether for a casual day out or a creative ensemble, this shirt is a fashion-forward choice. Embrace
your individuality with this statement piece.100 % Premium Giza Cotton:  Long staple, smother, resistant to pilling, greater resistance to
abrasion and stretching, brighter and more precisely defined with a soft and silky texture and
considerable resistance over time.
Limited quantity, Seasonal collection. We change our fashion very frequently. Grab it before it
disappears
Chambray weave; This type of fabric is both fine and dense, and it is similar to denim in many ways.
However, a different weaving pattern is used to make chambray, and as a result, this type of fabric
is significantly lighter and more breathable than denim.Light weight fabric. Made for all climates.
Light weight fabric. Made for all climates.",1687147878
