title,price,description,category,image_urls,size_title,size,color_title,color_value,id
Discover,499," Product Description Manufacture, Care and Fit Material: 100% Combed Cotton (Bio-Washed and
Pre-Shrunk)Neck: Crew NeckSleeves: Short SleevesFeatures:• Bio-Washed• Pre-shrunk• Light weight•
Breathable Fabric• Comfort fit• Durable and FlexibleOrigin: Crafted & Designed in IndiaWash Care:
Machine wash. Wash in cold water, use mild detergent Dry in shade Inside Out Do not iron directly or
scrub on print Do not bleach, do not tumble dry. Dry on flat surface as hanging may cause
measurement variationsPlease Note: Colours may slightly vary depending on your screen resolution.",T-shirts,https://cdn.shopify.com/s/files/1/0337/9413/0052/products/WhatsAppImage2023-02-15at6.53.05PM.jpg?v=1676472571,Select Size,S M L XL XXL XXXL,Select Color,Cannoli,1676472571
Be Free,499," Product Description Manufacture, Care and Fit Material: 100% Combed Cotton (Bio-Washed and
Pre-Shrunk)Neck: Crew NeckSleeves: Short SleevesFeatures:• Bio-Washed• Pre-shrunk• Light weight•
Breathable Fabric• Comfort fit• Durable and FlexibleOrigin: Crafted & Designed in IndiaWash Care:
Machine wash. Wash in cold water, use mild detergent Dry in shade Inside Out Do not iron directly or
scrub on print Do not bleach, do not tumble dry. Dry on flat surface as hanging may cause
measurement variationsPlease Note: Colours may slightly vary depending on your screen resolution.",T-shirts,https://cdn.shopify.com/s/files/1/0337/9413/0052/products/WhatsAppImage2023-02-22at6.52.23PM_ae7ed12b-db4a-4052-a03a-384f58378932.jpg?v=1677747944,Select Size,S M L XL XXL XXXL,Select Color,White,1677747944
Wander Soul,499," Product Description Manufacture, Care and Fit Material: 100% Combed Cotton (Bio-Washed and
Pre-Shrunk)Neck: Crew NeckSleeves: Short SleevesFeatures:• Bio-Washed• Pre-shrunk• Light weight•
Breathable Fabric• Comfort fit• Durable and FlexibleOrigin: Crafted & Designed in IndiaWash Care:
Machine wash. Wash in cold water, use mild detergent Dry in shade Inside Out Do not iron directly or
scrub on print Do not bleach, do not tumble dry. Dry on flat surface as hanging may cause
measurement variationsPlease Note: Colours may slightly vary depending on your screen resolution.",T-shirts,https://cdn.shopify.com/s/files/1/0337/9413/0052/products/wander-soul_c8ceb89a-eac6-4ce3-91e4-bd2f01b19a65.jpg?v=1676697848,Select Size,S M L XL XXL XXXL,Select Color,Marine,1676697848
Classic Crew Tee,499," Product Description Manufacture, Care and Fit Material: 100% Combed Cotton (Bio-Washed and
Pre-Shrunk)Neck: Crew NeckSleeves: Short SleevesFeatures:• Bio-Washed• Pre-shrunk• Light weight•
Breathable Fabric• Comfort fit• Durable and FlexibleOrigin: Crafted & Designed in IndiaWash Care:
Machine wash. Wash in cold water, use mild detergent Dry in shade Inside Out Do not iron directly or
scrub on print Do not bleach, do not tumble dry. Dry on flat surface as hanging may cause
measurement variationsPlease Note: Colours may slightly vary depending on your screen resolution.",T-shirts,https://cdn.shopify.com/s/files/1/0337/9413/0052/files/honeycomb-PLAIN_3_copy_1_049175a0-1366-4a46-a016-53af59f6a473.jpg?v=1682923974,Select Size,S M L XL XXL XXXL,Select Color,"Honeycomb, Vanilla, Cannoli, Royal Blue, Grey Melange, Olive Green, Marine, Aloe Green, Powder Blue, Blush, Sand, White, Wine Red, Black, Magenta, Heather",1682923974
Live Simply Roam Freely,499," Product Description Manufacture, Care and Fit Material: 100% Combed Cotton (Bio-Washed and
Pre-Shrunk)Neck: Crew NeckSleeves: Short SleevesFeatures:• Bio-Washed• Pre-shrunk• Light weight•
Breathable Fabric• Comfort fit• Durable and FlexibleOrigin: Crafted & Designed in IndiaWash Care:
Machine wash. Wash in cold water, use mild detergent Dry in shade Inside Out Do not iron directly or
scrub on print Do not bleach, do not tumble dry. Dry on flat surface as hanging may cause
measurement variationsPlease Note: Colours may slightly vary depending on your screen resolution.",T-shirts,https://cdn.shopify.com/s/files/1/0337/9413/0052/products/live-simply-roam-freely.jpg?v=1676461741,Select Size,S M L XL XXL XXXL,Select Color,Vanilla,1676461741
Perspective,499," Product Description Manufacture, Care and Fit Material: 100% Combed Cotton (Bio-Washed and
Pre-Shrunk)Neck: Crew NeckSleeves: Short SleevesFeatures:• Bio-Washed• Pre-shrunk• Light weight•
Breathable Fabric• Comfort fit• Durable and FlexibleOrigin: Crafted & Designed in IndiaWash Care:
Machine wash. Wash in cold water, use mild detergent Dry in shade Inside Out Do not iron directly or
scrub on print Do not bleach, do not tumble dry. Dry on flat surface as hanging may cause
measurement variationsPlease Note: Colours may slightly vary depending on your screen resolution.",T-shirts,https://cdn.shopify.com/s/files/1/0337/9413/0052/products/perspective_1.jpg?v=1682335892,Select Size,S M L XL XXL XXXL,Select Color,Honeycomb,1682335892
Wabi Sabi,499," Product Description Manufacture, Care and Fit Material: 100% Combed Cotton (Bio-Washed and
Pre-Shrunk)Neck: Crew NeckSleeves: Short SleevesFeatures: • Bio-Washed • Pre-shrunk • Light weight •
Breathable Fabric• Comfort fit• Durable and FlexibleOrigin: Crafted & Designed in IndiaWash Care:
Machine wash. Wash in cold water, use mild detergent Dry in shade Inside Out Do not iron directly or
scrub on print Do not bleach, do not tumble dry. Dry on flat surface as hanging may cause
measurement variationsPlease Note: Colours may slightly vary depending on your screen resolution.",T-shirts,https://cdn.shopify.com/s/files/1/0337/9413/0052/products/wabi-sabi_dcccd9a1-d30b-4539-8ec1-3a470cda8fe9.jpg?v=1676699678,Select Size,S M L XL XXL XXXL,Select Color,Marine,1676699678
Travel,499," Product Description Manufacture, Care and Fit Material: 100% Combed Cotton (Bio-Washed and
Pre-Shrunk)Neck: Crew NeckSleeves: Short SleevesFeatures:• Bio-Washed• Pre-shrunk• Light weight•
Breathable Fabric• Comfort fit• Durable and FlexibleOrigin: Crafted & Designed in IndiaWash Care:
Machine wash. Wash in cold water, use mild detergent Dry in shade Inside Out Do not iron directly or
scrub on print Do not bleach, do not tumble dry. Dry on flat surface as hanging may cause
measurement variationsPlease Note: Colours may slightly vary depending on your screen resolution.",T-shirts,https://cdn.shopify.com/s/files/1/0337/9413/0052/products/tee-mockup-of-a-man-with-a-suitcase-46246-r-el2_18155aa4-ff81-44ba-b10e-59b7efedb2c6.jpg?v=1677176773,Select Size,S M L XL XXL XXXL,Select Color,Black,1677176773
Privacy Is A Myth,499," Product Description Manufacture, Care and Fit Material: 100% Combed Cotton (Bio-Washed and
Pre-Shrunk)Neck: Crew NeckSleeves: Short SleevesFeatures:• Bio-Washed• Pre-shrunk• Light weight•
Breathable Fabric• Comfort fit• Durable and FlexibleOrigin: Crafted & Designed in IndiaWash Care:
Machine wash. Wash in cold water, use mild detergent Dry in shade Inside Out Do not iron directly or
scrub on print Do not bleach, do not tumble dry. Dry on flat surface as hanging may cause
measurement variationsPlease Note: Colours may slightly vary depending on your screen resolution.",T-shirts,https://cdn.shopify.com/s/files/1/0337/9413/0052/products/privacy-is-a-myth_03c947bb-900f-41dc-b5da-8a547da71256.jpg?v=1683448603,Select Size,S M L XL XXL XXXL,Select Color,White,1683448603
Sea You Later,499," Product Description Manufacture, Care and Fit Material: 100% Combed Cotton (Bio-Washed and
Pre-Shrunk)Neck: Crew NeckSleeves: Short SleevesFeatures:• Bio-Washed• Pre-shrunk• Light weight•
Breathable Fabric• Comfort fit• Durable and FlexibleOrigin: Crafted & Designed in IndiaWash Care:
Machine wash. Wash in cold water, use mild detergent Dry in shade Inside Out Do not iron directly or
scrub on print Do not bleach, do not tumble dry. Dry on flat surface as hanging may cause
measurement variationsPlease Note: Colours may slightly vary depending on your screen resolution.",T-shirts,https://cdn.shopify.com/s/files/1/0337/9413/0052/files/blush-sea.jpg?v=1684136035,Select Size,S M L XL XXL XXXL,Select Color,Blush,1684136035
Classic Crew Tee,499," Product Description Manufacture, Care and Fit Material: 100% Combed Cotton (Bio-Washed and
Pre-Shrunk)Neck: Crew NeckSleeves: Short SleevesFeatures:• Bio-Washed• Pre-shrunk• Light weight•
Breathable Fabric• Comfort fit• Durable and FlexibleOrigin: Crafted & Designed in IndiaWash Care:
Machine wash. Wash in cold water, use mild detergent Dry in shade Inside Out Do not iron directly or
scrub on print Do not bleach, do not tumble dry. Dry on flat surface as hanging may cause
measurement variationsPlease Note: Colours may slightly vary depending on your screen resolution.",T-shirts,https://cdn.shopify.com/s/files/1/0337/9413/0052/products/royal-blue_2_7a500d86-db99-4336-92f2-6362a987d03a.jpg?v=1675859612,Select Size,S M L XL XXL XXXL,Select Color,"Royal Blue, Grey Melange, Olive Green, Marine, Aloe Green, Powder Blue, Blush, Sand, White, Wine Red, Black, Cannoli, Vanilla, Honeycomb, Magenta, Heather",1675859612
Classic Crew Tee,499," Product Description Manufacture, Care and Fit Material: 100% Combed Cotton (Bio-Washed and
Pre-Shrunk)Neck: Crew NeckSleeves: Short SleevesFeatures:• Bio-Washed• Pre-shrunk• Light weight•
Breathable Fabric• Comfort fit• Durable and FlexibleOrigin: Crafted & Designed in IndiaWash Care:
Machine wash. Wash in cold water, use mild detergent Dry in shade Inside Out Do not iron directly or
scrub on print Do not bleach, do not tumble dry. Dry on flat surface as hanging may cause
measurement variationsPlease Note: Colours may slightly vary depending on your screen resolution.",T-shirts,https://cdn.shopify.com/s/files/1/0337/9413/0052/products/blush_c1f442ab-518f-4b49-aec2-4408797cfe9b.jpg?v=1675855716,Select Size,S M L XL XXL XXXL,Select Color,"Blush, Sand, White, Wine Red, Black, Powder Blue, Aloe Green, Marine, Olive Green, Grey Melange, Royal Blue, Cannoli, Vanilla, Honeycomb, Magenta, Heather",1675855716
Take A Break,499," Product Description Manufacture, Care and Fit Material:100% Combed Cotton (Bio-Washed and
Pre-Shrunk)Neck: Crew NeckSleeves: Short SleevesFeatures: • Bio-Washed • Pre-shrunk • Light weight •
Breathable Fabric• Comfort fit• Durable and FlexibleOrigin: Crafted & Designed in IndiaWash Care:
Machine wash. Wash in cold water, use mild detergent Dry in shade Inside Out Do not iron directly or
scrub on print Do not bleach, do not tumble dry. Dry on flat surface as hanging may cause
measurement variationsPlease Note: Colours may slightly vary depending on your screen resolution.",T-shirts,https://cdn.shopify.com/s/files/1/0337/9413/0052/products/take-a-break.jpg?v=1678964479,Select Size,S M L XL XXL XXXL,Select Color,Black,1678964479
Discover,499," Product Description Manufacture, Care and Fit Material: 100% Combed Cotton (Bio-Washed and
Pre-Shrunk)Neck: Crew NeckSleeves: Short SleevesFeatures:• Bio-Washed• Pre-shrunk• Light weight•
Breathable Fabric• Comfort fit• Durable and FlexibleOrigin: Crafted & Designed in IndiaWash Care:
Machine wash. Wash in cold water, use mild detergent Dry in shade Inside Out Do not iron directly or
scrub on print Do not bleach, do not tumble dry. Dry on flat surface as hanging may cause
measurement variationsPlease Note: Colours may slightly vary depending on your screen resolution.",T-shirts,https://cdn.shopify.com/s/files/1/0337/9413/0052/products/Discover_1.jpg?v=1678356580,Select Size,S M L XL XXL XXXL,Select Color,Grey Melange,1678356580
Classic Crew Tee,499," Product Description Manufacture, Care and Fit Material: 100% Combed Cotton (Bio-Washed and
Pre-Shrunk)Neck: Crew NeckSleeves: Short SleevesFeatures:• Bio-Washed• Pre-shrunk• Light weight•
Breathable Fabric• Comfort fit• Durable and FlexibleOrigin: Crafted & Designed in IndiaWash Care:
Machine wash. Wash in cold water, use mild detergent Dry in shade Inside Out Do not iron directly or
scrub on print Do not bleach, do not tumble dry. Dry on flat surface as hanging may cause
measurement variationsPlease Note: Colours may slightly vary depending on your screen resolution.",T-shirts,https://cdn.shopify.com/s/files/1/0337/9413/0052/products/sand_a4edbb19-35e7-489f-8cc5-9374e5c781dc.jpg?v=1675854122,Select Size,S M L XL XXL XXXL,Select Color,"Sand, White, Wine Red, Black, Blush, Powder Blue, Aloe Green, Marine, Olive Green, Grey Melange, Royal Blue, Cannoli, Vanilla, Honeycomb, Magenta, Heather",1675854122
Wanderlust V2,499," Product Description Manufacture, Care and Fit Material: 100% Combed Cotton (Bio-Washed and
Pre-Shrunk)Neck: Crew NeckSleeves: Short SleevesFeatures: • Bio-Washed • Pre-shrunk • Light weight •
Breathable Fabric• Comfort fit• Durable and FlexibleOrigin: Crafted & Designed in IndiaWash Care:
Machine wash. Wash in cold water, use mild detergent Dry in shade Inside Out Do not iron directly or
scrub on print Do not bleach, do not tumble dry. Dry on flat surface as hanging may cause
measurement variationsPlease Note: Colours may slightly vary depending on your screen resolution.",T-shirts,https://cdn.shopify.com/s/files/1/0337/9413/0052/products/wanderlust_315d75cf-0ae6-4c96-b661-9e5ae981e8ca.jpg?v=1676460976,Select Size,S M L XL XXL XXXL,Select Color,White,1676460976
Perspective,499," Product Description Manufacture, Care and Fit Material: 100% Combed Cotton (Bio-Washed and
Pre-Shrunk)Neck: Crew NeckSleeves: Short SleevesFeatures:• Bio-Washed• Pre-shrunk• Light weight•
Breathable Fabric• Comfort fit• Durable and FlexibleOrigin: Crafted & Designed in IndiaWash Care:
Machine wash. Wash in cold water, use mild detergent Dry in shade Inside Out Do not iron directly or
scrub on print Do not bleach, do not tumble dry. Dry on flat surface as hanging may cause
measurement variationsPlease Note: Colours may slightly vary depending on your screen resolution.",T-shirts,https://cdn.shopify.com/s/files/1/0337/9413/0052/products/aloe-green-perspective.jpg?v=1679550665,Select Size,S M L XL XXL XXXL,Select Color,Aloe Green,1679550665
Classic Crew Tee,499," Product Description Manufacture, Care and Fit Material: 100% Combed Cotton (Bio-Washed and
Pre-Shrunk)Neck: Crew NeckSleeves: Short SleevesFeatures:• Bio-Washed• Pre-shrunk• Light weight•
Breathable Fabric• Comfort fit• Durable and FlexibleOrigin: Crafted & Designed in IndiaWash Care:
Machine wash. Wash in cold water, use mild detergent Dry in shade Inside Out Do not iron directly or
scrub on print Do not bleach, do not tumble dry. Dry on flat surface as hanging may cause
measurement variationsPlease Note: Colours may slightly vary depending on your screen resolution.",T-shirts,https://cdn.shopify.com/s/files/1/0337/9413/0052/products/marine_e41daef2-0ae3-4556-9ec7-e10896b8a74c.jpg?v=1675921744,Select Size,S M L XL XXL XXXL,Select Color,"Marine, Aloe Green, Powder Blue, Blush, Sand, White, Wine Red, Black, Olive Green, Grey Melange, Royal Blue, Cannoli, Vanilla, Honeycomb, Magenta, Heather",1675921744
Kind Human,499," Product Description Manufacture, Care and Fit Material: 100% Combed Cotton (Bio-Washed and
Pre-Shrunk)Neck: Crew NeckSleeves: Short SleevesFeatures:• Bio-Washed• Pre-shrunk• Light weight•
Breathable Fabric• Comfort fit• Durable and FlexibleOrigin: Crafted & Designed in IndiaWash Care:
Machine wash. Wash in cold water, use mild detergent Dry in shade Inside Out Do not iron directly or
scrub on print Do not bleach, do not tumble dry. Dry on flat surface as hanging may cause
measurement variationsPlease Note: Colours may slightly vary depending on your screen resolution.",T-shirts,https://cdn.shopify.com/s/files/1/0337/9413/0052/products/cannoli_fb4a7f92-2533-4043-8d96-f5e9f00c41f6_1_1.jpg?v=1681480065,Select Size,S M L XL XXL XXXL,Select Color,Cannoli,1681480065
Balance,499," Product Description Manufacture, Care and Fit Material: 100% Combed Cotton (Bio-Washed and
Pre-Shrunk)Neck: Crew NeckSleeves: Short SleevesFeatures:• Bio-Washed• Pre-shrunk• Light weight•
Breathable Fabric• Comfort fit• Durable and FlexibleOrigin: Crafted & Designed in IndiaWash Care:
Machine wash. Wash in cold water, use mild detergent Dry in shade Inside Out Do not iron directly or
scrub on print Do not bleach, do not tumble dry. Dry on flat surface as hanging may cause
measurement variationsPlease Note: Colours may slightly vary depending on your screen resolution.",T-shirts,https://cdn.shopify.com/s/files/1/0337/9413/0052/files/aloe-green_1.png?v=1683715484,Select Size,S M L XL XXL XXXL,Select Color,Aloe Green,1683715484
Classic Crew Tee,499," Product Description Manufacture, Care and Fit Material: 100% Combed Cotton (Bio-Washed and
Pre-Shrunk)Neck: Crew NeckSleeves: Short SleevesFeatures:• Bio-Washed• Pre-shrunk• Light weight•
Breathable Fabric• Comfort fit• Durable and FlexibleOrigin: Crafted & Designed in IndiaWash Care:
Machine wash. Wash in cold water, use mild detergent Dry in shade Inside Out Do not iron directly or
scrub on print Do not bleach, do not tumble dry. Dry on flat surface as hanging may cause
measurement variationsPlease Note: Colours may slightly vary depending on your screen resolution.",T-shirts,https://cdn.shopify.com/s/files/1/0337/9413/0052/products/cannoli_b394338c-e6be-4726-9d68-873823f6533e.jpg?v=1675860176,Select Size,S M L XL XXL XXXL,Select Color,"Cannoli, Royal Blue, Grey Melange, Olive Green, Marine, Aloe Green, Powder Blue, Blush, Sand, White, Wine Red, Black, Vanilla, Honeycomb, Magenta, Heather",1675860176
Blessed,499," Product Description Manufacture, Care and Fit Material: 100% Combed Cotton (Bio-Washed and
Pre-Shrunk)Neck: Crew NeckSleeves: Short SleevesFeatures:• Bio-Washed• Pre-shrunk• Light weight•
Breathable Fabric• Comfort fit• Durable and FlexibleOrigin: Crafted & Designed in IndiaWash Care:
Machine wash. Wash in cold water, use mild detergent Dry in shade Inside Out Do not iron directly or
scrub on print Do not bleach, do not tumble dry. Dry on flat surface as hanging may cause
measurement variationsPlease Note: Colours may slightly vary depending on your screen resolution.",T-shirts,https://cdn.shopify.com/s/files/1/0337/9413/0052/products/blessed_9db6214c-70e0-43a7-b2ec-33b38b3561cb.jpg?v=1676698439,Select Size,S M L XL XXL XXXL,Select Color,Marine,1676698439
Minimize,499," Product Description Manufacture, Care and Fit Material: 100% Combed Cotton (Bio-Washed and
Pre-Shrunk)Neck: Crew NeckSleeves: Short SleevesFeatures:• Bio-Washed• Pre-shrunk• Light weight•
Breathable Fabric• Comfort fit• Durable and FlexibleOrigin: Crafted & Designed in IndiaWash Care:
Machine wash. Wash in cold water, use mild detergent Dry in shade Inside Out Do not iron directly or
scrub on print Do not bleach, do not tumble dry. Dry on flat surface as hanging may cause
measurement variationsPlease Note: Colours may slightly vary depending on your screen resolution.",T-shirts,https://cdn.shopify.com/s/files/1/0337/9413/0052/products/honeycomb-minimize_1.jpg?v=1682062226,Select Size,S M L XL XXL XXXL,Select Color,Honeycomb,1682062226
Be Kind,499," Product Description Manufacture, Care and Fit Material: 100% Combed Cotton (Bio-Washed and
Pre-Shrunk)Neck: Crew NeckSleeves: Short SleevesFeatures:• Bio-Washed• Pre-shrunk• Light weight•
Breathable Fabric• Comfort fit• Durable and FlexibleOrigin: Crafted & Designed in IndiaWash Care:
Machine wash. Wash in cold water, use mild detergent Dry in shade Inside Out Do not iron directly or
scrub on print Do not bleach, do not tumble dry. Dry on flat surface as hanging may cause
measurement variationsPlease Note: Colours may slightly vary depending on your screen resolution.",T-shirts,https://cdn.shopify.com/s/files/1/0337/9413/0052/products/be-kind_c1ff4712-2da7-485e-b12e-a4d77a4ea2f0.jpg?v=1676461275,Select Size,S M L XL XXL XXXL,Select Color,Cannoli,1676461275
Classic Crew Tee,499," Product Description Manufacture, Care and Fit Material: 100% Combed Cotton (Bio-Washed and
Pre-Shrunk)Neck: Crew NeckSleeves: Short SleevesFeatures:• Bio-Washed• Pre-shrunk• Light weight•
Breathable Fabric• Comfort fit• Durable and FlexibleOrigin: Crafted & Designed in IndiaWash Care:
Machine wash. Wash in cold water, use mild detergent Dry in shade Inside Out Do not iron directly or
scrub on print Do not bleach, do not tumble dry. Dry on flat surface as hanging may cause
measurement variationsPlease Note: Colours may slightly vary depending on your screen resolution.",T-shirts,https://cdn.shopify.com/s/files/1/0337/9413/0052/products/magenta_7de4bedb-3278-4693-b0a6-e7beb33e48d2.jpg?v=1676635502,Select Size,S M L XL XXL XXXL,Select Color,"Magenta, Powder Blue, Blush, Sand, White, Wine Red, Black, Aloe Green, Marine, Olive Green, Grey Melange, Royal Blue, Cannoli, Vanilla, Honeycomb, Heather",1676635502
Be Fearlessly Authentic,499," Product Description Manufacture, Care and Fit Material: 100% Combed Cotton (Bio-Washed and
Pre-Shrunk)Neck: Crew NeckSleeves: Short SleevesFeatures:• Bio-Washed• Pre-shrunk• Light weight•
Breathable Fabric• Comfort fit• Durable and FlexibleOrigin: Crafted & Designed in IndiaWash Care:
Machine wash. Wash in cold water, use mild detergent Dry in shade Inside Out Do not iron directly or
scrub on print Do not bleach, do not tumble dry. Dry on flat surface as hanging may cause
measurement variationsPlease Note: Colours may slightly vary depending on your screen resolution.",T-shirts,https://cdn.shopify.com/s/files/1/0337/9413/0052/products/be-fearlessly-authentic_94b5aff7-e936-4295-a75b-8198e966309d.jpg?v=1676461149,Select Size,S M L XL XXL XXXL,Select Color,Maroon,1676461149
Vintage Soul,499," Product Description Manufacture, Care and Fit Material: 100% Combed Cotton (Bio-Washed and
Pre-Shrunk)Neck: Crew NeckSleeves: Short SleevesFeatures:• Bio-Washed• Pre-shrunk• Light weight•
Breathable Fabric• Comfort fit• Durable and FlexibleOrigin: Crafted & Designed in IndiaWash Care:
Machine wash. Wash in cold water, use mild detergent Dry in shade Inside Out Do not iron directly or
scrub on print Do not bleach, do not tumble dry. Dry on flat surface as hanging may cause
measurement variationsPlease Note: Colours may slightly vary depending on your screen resolution.",T-shirts,https://cdn.shopify.com/s/files/1/0337/9413/0052/products/vintage-soul.jpg?v=1676460847,Select Size,S M L XL XXL XXXL,Select Color,White,1676460847
Classic Crew Tee,499," Product Description Manufacture, Care and Fit Material: 100% Combed Cotton (Bio-Washed and
Pre-Shrunk)Neck: Crew NeckSleeves: Short SleevesFeatures:• Bio-Washed• Pre-shrunk• Light weight•
Breathable Fabric• Comfort fit• Durable and FlexibleOrigin: Crafted & Designed in IndiaWash Care:
Machine wash. Wash in cold water, use mild detergent Dry in shade Inside Out Do not iron directly or
scrub on print Do not bleach, do not tumble dry. Dry on flat surface as hanging may cause
measurement variationsPlease Note: Colours may slightly vary depending on your screen resolution.",T-shirts,https://cdn.shopify.com/s/files/1/0337/9413/0052/products/white_79c15fe0-d094-4027-8de4-a23b78d56526.jpg?v=1675853530,Select Size,S M L XL XXL XXXL,Select Color,"White, Wine Red, Black, Sand, Blush, Powder Blue, Aloe Green, Marine, Olive Green, Grey Melange, Royal Blue, Cannoli, Vanilla, Honeycomb, Magenta, Heather",1675853530
Angel - Daughter,499," Product Description Manufacture, Care and Fit Perfect gift for your Dad this season. Make him feel
special. All our tees are made of premium 180gsm combed yarn & crafted with fine quality inks. We
offer 15 days no question asked replacement guarantee in case you're not happy with the quality.
Shop with confidence.",T-shirts,https://cdn.shopify.com/s/files/1/0337/9413/0052/products/royal-blue-angel-t.jpg?v=1681447181,Select Size,S M L XL XXL XXXL,Select Color,"Royal Blue, Black",1681447181
Classic Crew Tee,499," Product Description Manufacture, Care and Fit Material: 100% Combed Cotton (Bio-Washed and
Pre-Shrunk)Neck: Crew NeckSleeves: Short SleevesFeatures:• Bio-Washed• Pre-shrunk• Light weight•
Breathable Fabric• Comfort fit• Durable and FlexibleOrigin: Crafted & Designed in IndiaWash Care:
Machine wash. Wash in cold water, use mild detergent Dry in shade Inside Out Do not iron directly or
scrub on print Do not bleach, do not tumble dry. Dry on flat surface as hanging may cause
measurement variationsPlease Note: Colours may slightly vary depending on your screen resolution.",T-shirts,https://cdn.shopify.com/s/files/1/0337/9413/0052/products/black.jpg?v=1676284835,Select Size,S M L XL XXL XXXL,Select Color,"Black, Wine Red, White, Sand, Blush, Powder Blue, Aloe Green, Marine, Olive Green, Grey Melange, Royal Blue, Cannoli, Vanilla, Honeycomb, Magenta, Heather",1676284835
Classic Crew Tee,499," Product Description Manufacture, Care and Fit Material: 100% Combed Cotton (Bio-Washed and
Pre-Shrunk)Neck: Crew NeckSleeves: Short SleevesFeatures:• Bio-Washed• Pre-shrunk• Light weight•
Breathable Fabric• Comfort fit• Durable and FlexibleOrigin: Crafted & Designed in IndiaWash Care:
Machine wash. Wash in cold water, use mild detergent Dry in shade Inside Out Do not iron directly or
scrub on print Do not bleach, do not tumble dry. Dry on flat surface as hanging may cause
measurement variationsPlease Note: Colours may slightly vary depending on your screen resolution.",T-shirts,https://cdn.shopify.com/s/files/1/0337/9413/0052/products/wine-red_03806620-c8a4-4ee0-92f8-f55ff4205188.jpg?v=1675852863,Select Size,S M L XL XXL XXXL,Select Color,"Wine Red, Black, White, Sand, Blush, Powder Blue, Aloe Green, Marine, Olive Green, Grey Melange, Royal Blue, Cannoli, Vanilla, Honeycomb, Magenta, Heather",1675852863
Classic Crew Tee,499," Product Description Manufacture, Care and Fit Material: 100% Combed Cotton (Bio-Washed and
Pre-Shrunk)Neck: Crew NeckSleeves: Short SleevesFeatures:• Bio-Washed• Pre-shrunk• Light weight•
Breathable Fabric• Comfort fit• Durable and FlexibleOrigin: Crafted & Designed in IndiaWash Care:
Machine wash. Wash in cold water, use mild detergent Dry in shade Inside Out Do not iron directly or
scrub on print Do not bleach, do not tumble dry. Dry on flat surface as hanging may cause
measurement variationsPlease Note: Colours may slightly vary depending on your screen resolution.",T-shirts,https://cdn.shopify.com/s/files/1/0337/9413/0052/products/aloe-green_2f4ecaac-31c5-4f97-adc3-fceb0683f3b1.jpg?v=1675856168,Select Size,S M L XL XXL XXXL,Select Color,"Aloe Green, Powder Blue, Blush, Sand, White, Wine Red, Black, Marine, Olive Green, Grey Melange, Royal Blue, Cannoli, Vanilla, Honeycomb, Magenta, Heather",1675856168
Classic Crew Tee,499," Product Description Manufacture, Care and Fit Material: 100% Combed Cotton (Bio-Washed and
Pre-Shrunk)Neck: Crew NeckSleeves: Short SleevesFeatures:• Bio-Washed• Pre-shrunk• Light weight•
Breathable Fabric• Comfort fit• Durable and FlexibleOrigin: Crafted & Designed in IndiaWash Care:
Machine wash. Wash in cold water, use mild detergent Dry in shade Inside Out Do not iron directly or
scrub on print Do not bleach, do not tumble dry. Dry on flat surface as hanging may cause
measurement variationsPlease Note: Colours may slightly vary depending on your screen resolution.",T-shirts,https://cdn.shopify.com/s/files/1/0337/9413/0052/products/grey-melange_af39822b-1c07-44b7-b84b-369dc8642dad.jpg?v=1675859267,Select Size,S M L XL XXL XXXL,Select Color,"Grey Melange, Olive Green, Marine, Aloe Green, Powder Blue, Blush, Sand, White, Wine Red, Black, Royal Blue, Cannoli, Vanilla, Honeycomb, Magenta, Heather",1675859267
Classic Crew Tee,499," Product Description Manufacture, Care and Fit Material: 100% Combed Cotton (Bio-Washed and
Pre-Shrunk)Neck: Crew NeckSleeves: Short SleevesFeatures:• Bio-Washed• Pre-shrunk• Light weight•
Breathable Fabric• Comfort fit• Durable and FlexibleOrigin: Crafted & Designed in IndiaWash Care:
Machine wash. Wash in cold water, use mild detergent Dry in shade Inside Out Do not iron directly or
scrub on print Do not bleach, do not tumble dry. Dry on flat surface as hanging may cause
measurement variationsPlease Note: Colours may slightly vary depending on your screen resolution.",T-shirts,https://cdn.shopify.com/s/files/1/0337/9413/0052/products/powder-blue_5e3e9d7c-0e6d-4cc1-a4ae-961a37a3e0b8.jpg?v=1678776021,Select Size,S M L XL XXL XXXL,Select Color,"Powder Blue, Royal Blue, Grey Melange, Olive Green, Marine, Aloe Green, Blush, Sand, White, Wine Red, Black, Cannoli, Vanilla, Honeycomb, Magenta, Heather",1678776021
Classic Crew Tee,499," Product Description Manufacture, Care and Fit Material: 100% Combed Cotton (Bio-Washed and
Pre-Shrunk)Neck: Crew NeckSleeves: Short SleevesFeatures:• Bio-Washed• Pre-shrunk• Light weight•
Breathable Fabric• Comfort fit• Durable and FlexibleOrigin: Crafted & Designed in IndiaWash Care:
Machine wash. Wash in cold water, use mild detergent Dry in shade Inside Out Do not iron directly or
scrub on print Do not bleach, do not tumble dry. Dry on flat surface as hanging may cause
measurement variationsPlease Note: Colours may slightly vary depending on your screen resolution.",T-shirts,https://cdn.shopify.com/s/files/1/0337/9413/0052/products/olive-green_8fb1adc0-5c20-4b83-8d41-9aaf8d392c12.jpg?v=1675882825,Select Size,S M L XL XXL XXXL,Select Color,"Olive Green, Honeycomb, White, Wine Red, Black, Sand, Blush, Powder Blue, Aloe Green, Marine, Grey Melange, Royal Blue, Cannoli, Vanilla, Magenta, Heather",1675882825
Classic Crew Tee,499," Product Description Manufacture, Care and Fit Material: 100% Combed Cotton (Bio-Washed and
Pre-Shrunk)Neck: Crew NeckSleeves: Short SleevesFeatures:• Bio-Washed• Pre-shrunk• Light weight•
Breathable Fabric• Comfort fit• Durable and FlexibleOrigin: Crafted & Designed in IndiaWash Care:
Machine wash. Wash in cold water, use mild detergent Dry in shade Inside Out Do not iron directly or
scrub on print Do not bleach, do not tumble dry. Dry on flat surface as hanging may cause
measurement variationsPlease Note: Colours may slightly vary depending on your screen resolution.",T-shirts,https://cdn.shopify.com/s/files/1/0337/9413/0052/products/vanilla_4e3b776c-017a-421d-8dda-a53354f52654.jpg?v=1682924780,Select Size,S M L XL XXL XXXL,Select Color,"Vanilla, Cannoli, Royal Blue, Grey Melange, Olive Green, Marine, Aloe Green, Powder Blue, Blush, Sand, White, Wine Red, Black, Honeycomb, Magenta, Heather",1682924780
Rugged Tee,499," Product Description Manufacture, Care and Fit Inspired by fashion around the world especially from
Europe & USA, we've made these amazing products for the fashion-forward men in India. Now it is your
time to look elegant, interesting & stylish. Make your mark with this unique piece of apparel. The
added flair surpasses the ordinary. Your wardrobe will feel much more fashionable and contemporary
by adding this. The product is made of 190 GSM fabric and bio-washed to ensure one can get the soft
and fluffy feeling of the tee. Made of 100% Combed Cotton. 190gsm with Bio Wash / 100% Combed cotton",T-shirts,https://cdn.shopify.com/s/files/1/0337/9413/0052/products/Rugged-Tee-Blk-1.jpg?v=1593877405,Select Size,S M L XL XXL XXXL,Select Color,"Black, Royal Blue",1593877405
Nightlifer Tee,499," Product Description Manufacture, Care and Fit Inspired by fashion around the world especially from
Europe & USA, we've made these amazing products for the fashion-forward men in India. Now it is your
time to look elegant, interesting & stylish. Make your mark with this unique piece of apparel. The
added flair surpasses the ordinary. Your wardrobe will feel much more fashionable and contemporary
by adding this. The product is made of 190 GSM fabric and bio-washed to ensure one can get the soft
and fluffy feeling of the tee. Made of 100% Combed Cotton. 190gsm with Bio Wash / 100% Cotton Pre
Shrunk / Smooth Texture / Plastisol print. It wears well on anyone. It is bio washed to ensure one
can get the soft and fluffly feeling of the tee. We‰۪ve double-needle stitches at the bottom and
sleeve hems for extra durability.",T-shirts,https://cdn.shopify.com/s/files/1/0337/9413/0052/products/Nightlifer-Tee-Blk-2.jpg?v=1593861013,Select Size,S M L XL XXL XXXL,Select Color,"Black, Royal Blue",1593861013
