Title,Cost,Description,Photos,Brand,Category,Id
Cocoa Shea Tub Kit," 1,120.00","300ml Bath & Shower Gel. Empower your body and skin with the finest shower essentials, every morning.
125ml Moisturizing hand and body lotion that will alleviate the effects of unkind weather and bring out a bright and sparkling you
100gm Body polish that natural exfoliating bead that is smooth and gives balanced exfoliation without being harsh to the skin.
100gm Sugar body scrub that gives your skin a gentle exfoliation, evens out skin tone and helps it become brighter and lighter
We love animals and so we Do Not Test our products on Animals.
Free of Sulphates, Paraben, and other harmful ingredients. It is suitable for all skin types.","https://bryanandcandy.com/cdn/shop/products/CopyofDSC064991080_8081474d-f85c-41c6-b134-4fa8bb4db8ef_1024x.jpg?v=1661589322
https://bryanandcandy.com/cdn/shop/products/CopyofDSC04266_1024x.jpg?v=1661589322
https://bryanandcandy.com/cdn/shop/products/CopyofDSC06371-1edit1080_1024x.jpg?v=1661589322
https://bryanandcandy.com/cdn/shop/products/CopyofDSC00285_1024x.jpg?v=1661589322
https://bryanandcandy.com/cdn/shop/products/CopyofCopyofDSC04275_1024x.jpg?v=1661589322
https://bryanandcandy.com/cdn/shop/products/CopyofDSC06381-1_1024x.jpg?v=1661589322
https://bryanandcandy.com/cdn/shop/products/CopyofDSC000181080_1024x.jpg?v=1661589322",Bryan & Candy,Gifting,14870279946325
Strawberry Tub Kit," 1,120.00","Strawberry 300ml Bath & Shower Gel. Empower your body and skin with the finest shower essentials, every morning.
Strawberry 125ml Moisturizing hand and body lotion that will alleviate the effects of unkind weather and bring out a bright and sparkling you
Strawberry 100gm Body polish that natural exfoliating bead are smooth and gives balanced exfoliation without being harsh to the skin.
Strawberry 100gm Sugar body scrub that gives your skin gentle exfoliation, evens out skin tone and helps it become brighter and lighter.
We do not test our products on Animals","https://bryanandcandy.com/cdn/shop/products/Copyof20220306-DSC02485_1024x.jpg?v=1652163935
https://bryanandcandy.com/cdn/shop/products/Copy-of-DSC03787_1024x.jpg?v=1653290478
https://bryanandcandy.com/cdn/shop/products/Copy-of-DSC04344_1024x.jpg?v=1653290478
https://bryanandcandy.com/cdn/shop/products/CopyofDSC06377_1024x.jpg?v=1653290478
https://bryanandcandy.com/cdn/shop/products/CopyofDSC07053_1024x.jpg?v=1653290478
https://bryanandcandy.com/cdn/shop/products/CopyofDSC07203_1024x.jpg?v=1653290478
https://bryanandcandy.com/cdn/shop/products/DSC06779_1024x.jpg?v=1653290478",Bryan & Candy,Gifting,14870279946325
Delicate Rose Tub Kit," 1,120.00","Delicate Rose  300ml Bath & Shower Gel. Empower your body and skin with the finest shower essentials, every morning.
Delicate Rose 100gm Body butter will alleviate the effects of unkind weather and bring out a bright and sparkling you
Delicate Rose 125 ml Face wash that natural exfoliating bead is smooth and gives balanced exfoliation without being harsh to the skin.
Delicate Rose 100gm Sugar body scrub gives your skin gentle exfoliation, evens out skin tone and helps it become brighter and lighter.
We do not test our products on Animals","https://bryanandcandy.com/cdn/shop/products/Copyof20220306-DSC02450_1024x.jpg?v=1652164301
https://bryanandcandy.com/cdn/shop/products/Copy-of-DSC03647_1024x.jpg?v=1658752480
https://bryanandcandy.com/cdn/shop/products/CopyofDSC04373-3_ef30f61e-bec2-4e4c-b0ff-957929611b44_1024x.jpg?v=1658752480
https://bryanandcandy.com/cdn/shop/products/CopyofDSC04799-8_1024x.jpg?v=1658752422
https://bryanandcandy.com/cdn/shop/products/CopyofDSC04870-22_1024x.jpg?v=1658752422
https://bryanandcandy.com/cdn/shop/products/CopyofDSC04740-1_1024x.jpg?v=1658752422",Bryan & Candy,Gifting,14870279946325
Orange & Mandarin Tub Kit," 1,120.00","Orange & Mandarin 300ml Bath & Shower Gel. Empower your body and skin with the finest shower essentials, every morning

Orange & Mandarin 125ml Moisturising hand and body lotion that will alleviate the effects of unkind weather and bring out a bright and sparkling you

Orange & Mandarin 100gm Body polish that natural exfoliating bead are smooth and gives balanced exfoliation without being harsh to the skin.

Orange & Mandarin 100gm Sugar body scrub that gives your skin gentle exfoliation, evens out skin tone and helps it become brighter and lighter
We do not test our products on Animals.","https://bryanandcandy.com/cdn/shop/products/Copyof20220309-DSC047811080_1024x.jpg?v=1657005770
https://bryanandcandy.com/cdn/shop/products/Copy-of-DSC04472_1024x.jpg?v=1657005770
https://bryanandcandy.com/cdn/shop/products/CopyofDSC05803-3_1024x.jpg?v=1657005770
https://bryanandcandy.com/cdn/shop/products/CopyofDSC05913-10_1024x.jpg?v=1657005770
https://bryanandcandy.com/cdn/shop/products/WhatsAppImage2022-07-08at11.36.54AM_1024x.jpg?v=1657260463
https://bryanandcandy.com/cdn/shop/products/CopyofDSC05939-13_1024x.jpg?v=1657260436",Bryan & Candy,Gifting,14870279946325
Green Tea Small Tub Kit," 1,120.00","300ml Bath & Shower Gel. Empower your body and skin with the finest shower essentials, every morning.
125ml Moisturizing hand and body lotion that will alleviate the effects of unkind weather and bring out a bright and sparkling you
100gm Body polish that natural exfoliating bead that is smooth and gives balanced exfoliation without being harsh to the skin.

100gm Sugar body scrub that gives your skin a gentle exfoliation, evens skin tone and helps it become brighter and lighter.
DERMATOLOGICALLY TESTED – Paraben Free, Suitable for all skin types.
CRUELTY-FREE – We love animals and Do Not Test our products on Animals.","https://bryanandcandy.com/cdn/shop/products/Copyof20220306-DSC02396_1024x.jpg?v=1652163733
https://bryanandcandy.com/cdn/shop/products/CopyofDSC04249_1024x.jpg?v=1655977831
https://bryanandcandy.com/cdn/shop/products/Copyof20220306-DSC02431_1024x.jpg?v=1655977868
https://bryanandcandy.com/cdn/shop/products/CopyofDSC05799_1024x.jpg?v=1655977880
https://bryanandcandy.com/cdn/shop/products/CopyofDSC04659_1024x.jpg?v=1655977892
https://bryanandcandy.com/cdn/shop/products/Copyof20220306-DSC02417_1024x.jpg?v=1655977901",Bryan & Candy,Gifting,14870279946325
Face Care Tub Kit," 1,522.00","200ml Face & Beard Wash : Gentle on the skin and effective enough to work on a rough, coarse beard; Conditions stubble and soothes irritation
30ml Beard Oil : Soften Stiff, Brittle, & Unruly Beards: Growing out a beard is an ultra-manly thing to do, but spending hours on end grooming your beard isn’t. Bryan & Candy Beard Oil penetrates every single hair in your beard to provide for smoothness and manageability.
50gm Face & Beard Moisturizer : lightweight care moisturizes your skin all day long without leaving your skin or beard feeling greasy
100gm Clay Face Mask : Exfoliates & lightens dark spots – Also reduces inflammation, pimples, acne & other bothersome skin concerns. It acts as overall skins detox, and helps in reducing pigmentation.
100gm De Tan Face Scrub : This De Tan Face scrub gently exfoliate the delicate facial skin , It scrubs away the impurities and reveals a clear, glowing skin that looks fresh and youthful, and nourished.","https://bryanandcandy.com/cdn/shop/products/CopyofDSC03292_1024x.jpg?v=1652248170
https://bryanandcandy.com/cdn/shop/products/WhatsAppImage2022-07-01at3.58.46PM_1024x.jpg?v=1656671591
https://bryanandcandy.com/cdn/shop/products/WhatsAppImage2022-07-01at3.58.46PM_4_1024x.jpg?v=1656671614
https://bryanandcandy.com/cdn/shop/products/WhatsAppImage2022-07-01at3.58.46PM_1_1024x.jpg?v=1656671650
https://bryanandcandy.com/cdn/shop/products/WhatsAppImage2022-07-01at3.58.46PM_2_1024x.jpg?v=1656671676
https://bryanandcandy.com/cdn/shop/products/WhatsAppImage2022-07-01at3.58.46PM_3_1024x.jpg?v=1658730347",Bryan & Candy,Gifting,14870279946325
Lavender & Vanilla Cream Heart Kit, 630.00,"150ml Luxury Shower Gel, created by blending the finest Lavender And Vanilla Cream Extracts. Experience a true, invigorating luxury that stays with you, all throughout the day.
140ml Moisturizing hand and body lotion that will alleviate the effects of unkind weather and bring out a bright and sparkling you.
100gm Face & Body polish that natural exfoliating bead are smooth and gives balanced exfoliation without being harsh to the skin.
Also includes a Luxury Loofah. This soft & fluffy loofah gently exfoliates dirt and dead cells & is the perfect ally for your daily grooming regimen.
We love animals and so we Do Not Test our products on Animals.","https://bryanandcandy.com/cdn/shop/products/Copyof20220307-DSC02499edit21080_3c81286c-0461-482f-8d83-20bdf10f4f67_1024x.jpg?v=1661589273
https://bryanandcandy.com/cdn/shop/products/Copy-of-DSC04306_1024x.jpg?v=1661589273
https://bryanandcandy.com/cdn/shop/products/CopyofDSC04367_c342d525-26e5-463a-a80e-10384cc628ff_1024x.jpg?v=1661589273
https://bryanandcandy.com/cdn/shop/products/Copy-of-DSC04360_1024x.jpg?v=1661589273
https://bryanandcandy.com/cdn/shop/products/Copy-of-DSC04526_1024x.jpg?v=1661589273
https://bryanandcandy.com/cdn/shop/products/Copy-of-DSC04521_1024x.jpg?v=1661589273",Bryan & Candy,Gifting,14870279946325
Delicate Rose Heart Kit, 665.00,"150ml Luxury Face Wash, created by blending the finest Rose Extracts. Experience a true, invigorating luxury that stays with you, throughout the day.
150ml  Bath & Shower Gel that will alleviate the effects of unkind weather and bring out a bright and sparkling you.
100 gm Delicate Rose Body Butter that deep moisturizes, wonderfully softens and smooths dry cracked skin.
Paraben Free, Cruelty-free. Suitable for all skin types.","https://bryanandcandy.com/cdn/shop/files/Delicate-Rose-Heart-Kit-Bryan-_-Candy-34294156_1024x.jpg?v=1697217858
https://bryanandcandy.com/cdn/shop/files/2-Website-Listing-Rose-Heart-Kit-FINAL-with-loofah_1024x.jpg?v=1689921509
https://bryanandcandy.com/cdn/shop/files/4-Website-Listing-Rose-Heart-Kit-FINAL-with-loofah_1024x.jpg?v=1689919707
https://bryanandcandy.com/cdn/shop/files/Delicate-Rose-Heart-Kit-Bryan-_-Candy-34294483_1024x.jpg?v=1697219666
https://bryanandcandy.com/cdn/shop/files/Delicate-Rose-Heart-Kit-Bryan-_-Candy-34294595_1024x.jpg?v=1697220274
https://bryanandcandy.com/cdn/shop/files/Delicate-Rose-Heart-Kit-Bryan-_-Candy-34294623_1024x.jpg?v=1697220818",Bryan & Candy,Gifting,14870279946325
Luxurious Shower Gel Combo Kit Gift Set For Women and Men, 525.00,"Bath & Shower Gels of 100ml each with five different fragrances that will make you smell like a dream. 
Get up, detoxify and conquer the world with Bryan & Candy’s Luxury Shower Essentials.
All products are enriched with natural ingredients and Bryan & Candy’s signature collection of three most popular fragrances for women.
A delightful gift for someone who deserves to be pampered with luxuries.

Hydrating & Nourishing: Experience deep hydration and nourishment with our luxurious shower gel.


Refreshing Fragrances: Indulge in a variety of invigorating scents, from soothing lavender to zesty lemon.


Gentle Cleansing: Gently cleanse and purify your skin, removing impurities without stripping away moisture.


pH 5.5 Balanced: Maintain your skin's natural pH level for a healthier and more radiant complexion.


Skin Rejuvenation: Rejuvenate your skin with each shower, leaving it feeling refreshed and revitalized.


Soothing & Relaxing: Unwind and relax with the calming benefits of our shower gel, promoting tranquility.


Creamy Lather: Enjoy a luxurious bathing experience with a rich, creamy lather that envelops your skin.


Radiant Glow: Achieve a radiant and healthy glow as our shower gel leaves your skin soft and supple.


Cruelty-Free Formula: Our shower gel is never tested on animals, ensuring guilt-free pampering.


Travel-Friendly: Conveniently sized at 100ml each, perfect for on-the-go indulgence wherever you wander.","https://bryanandcandy.com/cdn/shop/files/Pack-of-5-Shower-Gel-mini-bottle-2_1024x.jpg?v=1690890850
https://bryanandcandy.com/cdn/shop/files/Pack-of-5-Shower-Gel-mini-bottle-4_1024x.jpg?v=1691649457
https://bryanandcandy.com/cdn/shop/files/Pack-of-5-Shower-Gel-mini-bottle-3_1024x.jpg?v=1691649457
https://bryanandcandy.com/cdn/shop/files/Pack-of-5-Shower-Gel-mini-bottle-6_1024x.jpg?v=1691649457
https://bryanandcandy.com/cdn/shop/files/Pack-of-5-Shower-Gel-mini-bottle_1024x.jpg?v=1691649457",Bryan & Candy,Gifting,14870279946325
Black Currant & French Vanilla Heart Kit, 630.00,"150ml Luxury Bath & Shower Gel , created by blending the finest Black Currant And French Vanilla Extracts. Experience a true, invigorating luxury that stays with you, all throughout the day.
140ml Moisturizing hand and body lotion that will alleviate the effects of unkind weather and bring out a bright and sparkling you.
100gm Face & Body Polish that natural exfoliating bead are smooth and gives balanced exfoliation without being harsh to the skin.
Also includes a Luxury Loofah. This soft & fluffy loofah gently exfoliates dirt and dead cells & is the perfect ally for your daily grooming regimen.
Paraben Free, Cruelty free. Suitable for all skin types.","https://bryanandcandy.com/cdn/shop/products/Copyof20220307-DSC02503edit41080_709061c7-c57b-44ff-a9e2-2695c3cbd82c_1024x.jpg?v=1661589207
https://bryanandcandy.com/cdn/shop/products/Copy-of-DSC04325_1024x.jpg?v=1661589207
https://bryanandcandy.com/cdn/shop/products/CopyofDSC04456_1024x.jpg?v=1661589207
https://bryanandcandy.com/cdn/shop/products/CopyofDSC04557_1024x.jpg?v=1661589207
https://bryanandcandy.com/cdn/shop/products/Copy-of-DSC05991_1024x.jpg?v=1661589207",Bryan & Candy,Gifting,14870279946325
Strawberry White Heart Kit, 630.00,"150ml Bath & Shower Gel, created by blending the finest Strawberry Extracts. Experience a true, invigorating luxury that stays with you, all throughout the day.

140ml Moisturizing hand and body lotion that will alleviate the effects of unkind weather and bring out a bright and sparkling you.

100gm Face & Body polish that natural exfoliating bead are smooth and gives balanced exfoliation without being harsh to the skin.

Also includes a Luxury Loofah. This soft & fluffy loofah gently exfoliates dirt and dead cells & is the perfect ally for your daily grooming regimen.

We love animals and so we Do Not Test our products on Animals.","https://bryanandcandy.com/cdn/shop/files/Strawberry-Heart-Kit_1024x.jpg?v=1704192863
https://bryanandcandy.com/cdn/shop/files/Strawberry-Heart-Kit-2_1024x.jpg?v=1704192876
https://bryanandcandy.com/cdn/shop/products/Copy-of-DSC03843_1024x.jpg?v=1704192863
https://bryanandcandy.com/cdn/shop/products/Copy-of-DSC03805_1024x.jpg?v=1704192863
https://bryanandcandy.com/cdn/shop/products/Copy-of-DSC05834_1024x.jpg?v=1704192863",Bryan & Candy,Gifting,14870279946325
Cocoa shea White Heart Kit, 630.00,"150ml Bath & Shower Gel created by blending the finest Cocoa Shea Extracts. Experience a true, invigorating luxury that stays with you, all throughout the day.
140ml Moisturizing hand and body lotion that will alleviate the effects of unkind weather and bring out a bright and sparkling you.
100gm Face & Body polish that natural exfoliating bead are smooth and gives balanced exfoliation without being harsh to the skin.
Also includes a Luxury Loofah. This soft & fluffy loofah gently exfoliates dirt and dead cells & is the perfect ally for your daily grooming regimen.
Paraben Free, Cruelty free. Suitable for all skin types.","https://bryanandcandy.com/cdn/shop/products/Copyof20220307-DSC02504_1024x.jpg?v=1652160949
https://bryanandcandy.com/cdn/shop/products/CopyofDSC04045_1024x.jpg?v=1653204882
https://bryanandcandy.com/cdn/shop/products/CopyofDSC04638_1024x.jpg?v=1653204882
https://bryanandcandy.com/cdn/shop/products/CopyofDSC00312_1024x.jpg?v=1653204882
https://bryanandcandy.com/cdn/shop/products/Copy-of-DSC04610_1024x.jpg?v=1653204620",Bryan & Candy,Gifting,14870279946325
Basil & Lime Heart Kit, 630.00,"150ml Luxury Bath & Shower Gel , created by blending the finest Basil And Lime Extracts. Experience a true, invigorating luxury that stays with you, all throughout the day.
140ml Moisturizing hand and body lotion that will alleviate the effects of unkind weather and bring out a bright and sparkling you.
100gm Face & Body polish that natural exfoliating bead are smooth and gives balanced exfoliation without being harsh to the skin.
Also includes a Luxury Loofah. This soft & fluffy loofah gently exfoliates dirt and dead cells & is the perfect ally for your daily grooming regime.
Paraben Free, Cruelty free. Suitable for all skin types.","https://bryanandcandy.com/cdn/shop/products/basil_lime_heart_Kit_1_1024x.jpg?v=1654773974
https://bryanandcandy.com/cdn/shop/products/basil_lime_heart_Kit_2_1024x.jpg?v=1654773974
https://bryanandcandy.com/cdn/shop/products/basil_lime_heart_Kit_3_1024x.jpg?v=1654773975
https://bryanandcandy.com/cdn/shop/products/basil_lime_heart_Kit_4_1024x.jpg?v=1654773974
https://bryanandcandy.com/cdn/shop/products/basil_lime_heart_Kit_5_1024x.jpg?v=1654773974
https://bryanandcandy.com/cdn/shop/products/basil_lime_heart_Kit_6_1024x.jpg?v=1654773975",Bryan & Candy,Gifting,14870279946325
Pink Heart Kit, 980.00,"300ml Luxury Body Wash, created by blending the finest sandalwood and wild figs. Experience a true, invigorating luxury that stays with you, all throughout the day.
125ml Indulgent Moisturizing Hand & Body Lotion that will alleviate the effects of unkind weather and bring out a bright and sparkling you.
300ml Refreshing Shower Gel, an emulsion of water and mild cleanser with added fragrance to pamper you. Empower your body and skin with the finest shower essentials, every morning
150g Ultra Moisturizing Soap with the goodness of Shea butter, Aloe Vera, Almond oil, Olive oil and Glycerin nourishes your skin to become ultra-soft, smooth & silky
Also includes a Luxury Loofah. This soft & fluffy loofah gently exfoliates dirt and dead cells & is the perfect ally for your daily grooming regimen.","https://bryanandcandy.com/cdn/shop/products/BRYAN00000048_1_1024x.jpg?v=1649686110
https://bryanandcandy.com/cdn/shop/products/BRYAN00000048_2_1024x.jpg?v=1649686111
https://bryanandcandy.com/cdn/shop/products/BRYAN00000048_3_1024x.jpg?v=1649686111
https://bryanandcandy.com/cdn/shop/products/BRYAN00000048_4_1024x.jpg?v=1649686111
https://bryanandcandy.com/cdn/shop/products/BRYAN00000048_5_1024x.jpg?v=1649686110
https://bryanandcandy.com/cdn/shop/products/BRYAN00000048_6_1024x.jpg?v=1649686111",Bryan & Candy,Gifting,14870279946325
Romancing the Rose Gift Set For Women, 840.00,"Complete Bodycare kit with bath and shower gel, face wash, scrub, lotion, and rose body mist.
Perfect for relaxing, self-care, and gifting, providing gentle yet effective cleansing and hydration.
Nourishing lotion deeply hydrates and soothes skin, leaving it soft and supple.
Beautifully packaged, making it a great gift for loved ones who love to pamper themselves.
Soothing rose fragrance offers a calming and invigorating experience for your senses.
Suitable for all skin types, including sensitive skin.
Free from harmful chemicals, parabens, and sulfates.
Made with high-quality ingredients for a luxurious experience.
Experience the ultimate spa-like pampering right in the comfort of your own home.","https://bryanandcandy.com/cdn/shop/products/3-Romancing_the_Rose-copy_1024x.jpg?v=1681811005
https://bryanandcandy.com/cdn/shop/products/2-Romancing_the_Rose-copy_1024x.jpg?v=1681811001
https://bryanandcandy.com/cdn/shop/products/4-Romancing_the_Rose-copy_1024x.jpg?v=1681732070
https://bryanandcandy.com/cdn/shop/products/5-Romancing_the_Rose-copy_1024x.jpg?v=1681732070
https://bryanandcandy.com/cdn/shop/products/6-Romancing_the_Rose-copy_1024x.jpg?v=1681732071",Bryan & Candy,Gifting,14870279946325
FACE & BODY CARE KIT (PACK OF 5) - FACE WASH/ FACE SCRUB /FACE MASK / COFFEE SUGAR BODY SCRUB / CHOCO BODY BUTTER," 1,627.00","PREMIUM COFFEE BODY CARE GIFTING: Infused with Pure Coffee, Ceramides, Hyaluronic acid, Macadamia oil, Argan oil and Oatmeal powder, this Coffee Face & Body care kit comes with Coffee Face Wash, Coffee Face Scrub, Coffee Face Mask and a Super gentle Duo for Dead skin exfoliation with Coffee Sugar Body Scrub & Choco Body Butter.


COFFEE FACE CARE: The Coffee Face Wash, Coffee Face scrub & Coffee Face masks are enriched with Pure Coffee, Ceramides & Hyaluronic Acid. Coffee reduces redness, inflammation and puffiness, Ceramides promote collagen production & Hyaluronic acid gives intense moisturization.


COFFEE BODY CARE: Coffee Sugar Body scrubs exfoliate gently compared to any other Dry scrubs or salt scrubs. This Skin friendly pH 5.5 formula is loaded with Macadamia & Argan Oils which assists in cell regeneration, prevents chapping, nourishes skin while exfoliating. Choco Body Butter is enriched Ceramides and hyaluronic acid makes the skin smooth and deeply nourished. Cocoa and Shea butter gives intense moisturization and improves complexion. Its soft, non-oily and absorbs very quickly into the skin. You will love the aroma of this Choco Body Butter



NOTHING HARSH & ABRASIVE: Sugar is a natural humectant which protects the skin while exfoliation unlike the dry coffee scrubs. Sugar gets dissolved while scrubbing and makes a thin layer of protective barrier to retain skin’s moisture.



GOOD FOR YOU, GOOD FOR THE ENVIRONMENT: Bryan & Candy is the First Bath & Body Care brand focussed on making products with a Skin friendly pH 5.5 and suitable for all skin types which elevates your personal care regimen. We are a 100% Vegan friendly, Sulphate & Paraben free, use 100% Recyclable packaging, Clean and Cruelty-free brand.","https://bryanandcandy.com/cdn/shop/products/01_Pack_of_5_Coffee_1024x.jpg?v=1669897082
https://bryanandcandy.com/cdn/shop/products/03_Pack_of_5_Coffee_51bc2f41-fc9e-49aa-b7d4-cb91823a76b2_1024x.jpg?v=1669897090
https://bryanandcandy.com/cdn/shop/products/02_Pack_of_5_Coffee_1024x.jpg?v=1669897090
https://bryanandcandy.com/cdn/shop/products/04_Pack_of_5_Coffee_1024x.jpg?v=1669897083
https://bryanandcandy.com/cdn/shop/products/05_Packof_2_Coffee_e5dc53a3-0908-41d3-8922-34c4a32533cb_1024x.jpg?v=1669897086
https://bryanandcandy.com/cdn/shop/products/06_Packof_2_Coffee_1024x.jpg?v=1669897086",Bryan & Candy,Gifting,14870279946325
Premium Coffee Face & Body Care Kit | Nourishing & Vegan," 1,067.00","PREMIUM COFFEE BODY CARE GIFTING: Infused with Pure Coffee, Ceramides, Hyaluronic acid, Macadamia oil, Argan oil and Oatmeal powder, this Coffee Face & Body care kit comes with Coffee Face Wash, Coffee Face Scrub, Coffee Face Mask and a Super gentle Duo for Dead skin exfoliation with Ultra Moisturizing Bar.


COFFEE FACE CARE: The Coffee Face Wash, Coffee Face scrub & Coffee Face masks are enriched with Pure Coffee, Ceramides & Hyaluronic Acid. Coffee reduces redness, inflammation and puffiness, Ceramides promote collagen production & Hyaluronic acid gives intense moisturization.




NOTHING HARSH & ABRASIVE: Sugar is a natural humectant which protects the skin while exfoliation unlike the dry coffee scrubs. Sugar gets dissolved while scrubbing and makes a thin layer of protective barrier to retain skin’s moisture.



COFFEE ULTRA MOISTURIZING BAR PH5.5 : Coffee Improves blood circulation, promotes cell regeneration. Decreases stubborn dark circles, puffiness, sunspots & fine lines. Reduces acne and calms the skin for a glowing look. Cocoa & Shea Butter Maximizes hydration, repairs skin, Improves complexion & boosts glow




GOOD FOR YOU, GOOD FOR THE ENVIRONMENT: Bryan & Candy is the First Bath & Body Care brand focussed on making products with a Skin friendly pH 5.5 and suitable for all skin types which elevates your personal care regimen. We are a 100% Vegan friendly, Sulphate & Paraben free, use 100% Recyclable packaging, Clean and Cruelty-free brand.","https://bryanandcandy.com/cdn/shop/products/04_Pack_of_4_Coffee_1024x.jpg?v=1669896992
https://bryanandcandy.com/cdn/shop/files/Amira-Polishing-kit_1024x.jpg?v=1700738994
https://bryanandcandy.com/cdn/shop/products/02_Pack_of_4_Coffee_f52d1b81-dc22-4177-8b75-af1bb97b3606_1024x.jpg?v=1700738982
https://bryanandcandy.com/cdn/shop/products/01_Pack_of_4_Coffee_ec5ebeea-6c01-47de-98f0-9573ec36f634_1024x.jpg?v=1700738982
https://bryanandcandy.com/cdn/shop/products/05_Pack_of_4_Coffee_1f5a07d1-9c34-4e16-8a2a-0a566b4b988a_1024x.jpg?v=1700738982
https://bryanandcandy.com/cdn/shop/products/06_Pack_of_4_Coffee_5150d03c-d1da-4506-be42-80d719098f9c_1024x.jpg?v=1700738982",Bryan & Candy,Gifting,14870279946325
BODY POLISHING KIT – COFFEE SUGAR BODY SCRUB / CHOCO BODY BUTTER," 1,043.00","EXFOLIATES, REMOVES TAN, MOISTURIZES: Coffee with Sugar in this scrub exfoliates gently compared to any other dry scrubs or salt scrubs. Sugar granules are even, polished and non- abrasive to the skin. It helps to unclog pores and remove textured skin that can lead to those pesky ingrown hairs.

LOADED WITH GOODNESS: This Skin friendly pH 5.5 formula is loaded with Macadamia & Argan Oils which assists in cell regeneration, prevents chapping, nourishes skin while exfoliating. Provides excellent moisturization, soothes sunburn and makes firm & younger looking skin.

NOTHING HARSH & ABRASIVE: Sugar is a natural humectant which protects the skin while exfoliation unlike the dry coffee scrubs. Sugar gets dissolved while scrubbing and makes a thin layer of protective barrier to retain skin’s moisture.

FRUIT AHAs & OATMEAL: Oatmeal extract, glycerin and fruit AHA’s polishes the skin to become smooth and less bumpy. Oatmeal powder is a terrific natural skin cleanser - sloughs away dirt & dead skin cells to reveal brighter complexion. Reduces skin irritation with great emollient properties.

CERAMIDES & HYALURONIC ACID: Choco Body Butter is enriched Ceramides and hyaluronic acid makes the skin smooth and deeply nourished. Cocoa and Shea butter gives intense moisturization and improves complexion. Its soft, non-oily and absorbs very quickly into the skin. You will love the aroma of this Choco Body Butter.

GOOD FOR YOU, GOOD FOR THE ENVIRONMENT: Bryan & Candy is the First Bath & Body Care brand focussed on making products with a Skin friendly pH 5.5 and suitable for all skin types which elevates your personal care regimen. We are a 100% Vegan friendly, Sulphate & Paraben free, use 100% Recyclable packaging, Clean and Cruelty-free brand.

Direction for use for all Sugar body scrubs: Take enough quantity of sugar body scrub and apply gently to the wet body. Use water if required and rub in circular motion for even coverage and effective exfoliation. Use all over your body for 3-4 minutes until the sugar granules become small and get dissolved. Rinse well with warm water, pat dry and follow up with Bryan & Candy body butter for smooth and nourished skin.","https://bryanandcandy.com/cdn/shop/products/05_Packof_2_Coffee_1024x.jpg?v=1669896752
https://bryanandcandy.com/cdn/shop/products/03_Pack_of_2_Coffee_1024x.jpg?v=1669896752
https://bryanandcandy.com/cdn/shop/products/02_Pack_of_2_Coffee_1024x.jpg?v=1669896752
https://bryanandcandy.com/cdn/shop/products/04_Pack_of_2_Coffee_e7395e0f-118d-4902-836e-f67f047554e3_1024x.jpg?v=1669896752
https://bryanandcandy.com/cdn/shop/products/01_Pack_of_2_Coffee_bdb53bf9-9f97-4807-8277-67a7aecec0ea_1024x.jpg?v=1669896752",Bryan & Candy,Gifting,14870279946325
BODY POLISHING KIT – DELICATE ROSE SUGAR BODY SCRUB / BODY BUTTER," 1,015.00","EXFOLIATES, REMOVES TAN, MOISTURIZES: Rose oil with Sugar in this scrub exfoliates gently compared to any other dry scrubs or salt scrubs. Sugar granules are even, polished and non- abrasive to the skin. It helps to unclog pores and remove textured skin that can lead to those pesky ingrown hairs.

LOADED WITH GOODNESS: This Skin friendly pH 5.5 formula is loaded with Macadamia & Argan Oils which assists in cell regeneration, prevents chapping, nourishes skin while exfoliating. Provides excellent moisturization, soothes sunburn and makes firm & younger looking skin.

NOTHING HARSH & ABRASIVE: Sugar is a natural humectant which protects the skin while exfoliation unlike the dry scrubs. Sugar gets dissolved while scrubbing and makes a thin layer of protective barrier to retain skin’s moisture.

FRUIT AHAs & OATMEAL: Oatmeal extract, glycerin and fruit AHA’s polishes the skin to become smooth and less bumpy. Oatmeal powder is a terrific natural skin cleanser - sloughs away dirt dead skin cells to reveal brighter complexion. Reduces skin irritation with great emollient properties.

CERAMIDES & HYALURONIC ACID: Delicate Rose Body Butter is enriched Ceramides and hyaluronic acid makes the skin smooth and deeply nourished. Shea butter gives intense moisturization and improves complexion. Its soft, non-oily and absorbs very quickly into the skin. Rose Oil promotes even skin tone and brightens the complexion. It also helps reduce blemishes and dark spots. Rose water is a very good astringent. It not only leaves your skin feeling rejuvenated but also smelling lovely.

GOOD FOR YOU, GOOD FOR THE ENVIRONMENT: Bryan & Candy is the first Bath Body care brand focussed on making products with a Skin friendly pH 5.5 and suitable for all skin types which elevates your personal care regimen. We are a 100% Vegan friendly, Sulphate & Paraben free, use 100% Recyclable packaging, Clean and Cruelty-free brand.

Direction for use for all Sugar body scrubs: Take enough quantity of sugar body scrub and apply gently to the wet body. Use water if required and rub in circular motion for even coverage and effective exfoliation. Use all over your body for 3-4 minutes until the sugar granules become small and get dissolved. Rinse well with warm water, pat dry and follow up with Bryan & Candy body butter for smooth and nourished skin.","https://bryanandcandy.com/cdn/shop/products/05_Pack_of_2_delicateRose_1024x.jpg?v=1669897203
https://bryanandcandy.com/cdn/shop/products/03_Pack_of_2_delicateRose_1024x.jpg?v=1669897203
https://bryanandcandy.com/cdn/shop/products/02_Pack_of_2_delicateRose_1024x.jpg?v=1669897203
https://bryanandcandy.com/cdn/shop/products/04_Pack_of_2_delicateRose_1024x.jpg?v=1669897203
https://bryanandcandy.com/cdn/shop/products/01_Pack_of_2_delicateRose_39509d7b-a107-494f-9b9a-42aef99d40eb_1024x.jpg?v=1669897203",Bryan & Candy,Gifting,14870279946325
BODY POLISHING KIT – LAVENDER & VANILLA SUGAR BODY SCRUB / BODY BUTTER," 1,015.00","EXFOLIATES, REMOVES TAN, MOISTURIZES: Lavender oil & vanilla extracts with Sugar in this scrub exfoliates gently compared to any other dry scrubs or salt scrubs. Sugar granules are even, polished and non-abrasive to the skin. It helps to unclog pores and remove textured skin that can lead to those pesky ingrown hairs.

LOADED WITH GOODNESS: This Skin friendly pH 5.5 formula is loaded with Macadamia & Argan Oils which assists in cell regeneration, prevents chapping, nourishes skin while exfoliating. Provides excellent moisturization, soothes sunburn and makes firm & younger looking skin.

NOTHING HARSH & ABRASIVE: Sugar is a natural humectant which protects the skin while exfoliation unlike the dry coffee scrubs. Sugar gets dissolved while scrubbing and makes a thin layer of protective barrier to retain skin’s moisture.

FRUIT AHAs & OATMEAL: Oatmeal extract, glycerin and fruit AHA’s polishes the skin to become smooth and less bumpy. Oatmeal powder is a terrific natural skin cleanser - sloughs away dirt & dead skin cells to reveal brighter complexion. Reduces skin irritation with great emollient properties.

CERAMIDES & HYALURONIC ACID: Lavender & Vanilla Body Butter is enriched Ceramides and hyaluronic acid makes the skin smooth and deeply nourished. Shea butter gives intense moisturization and improves complexion. Its soft, non-oily and absorbs very quickly into the skin. Vanilla is rich in antioxidants that reverses skin damage. It not only leaves your skin feeling rejuvenated but also smelling lovely.

GOOD FOR YOU, GOOD FOR THE ENVIRONMENT: Bryan & Candy is the first Bath &  Body care brand focussed on making products with a Skin friendly pH 5.5 and suitable for all skin types which elevates your personal care regimen. We are a 100% Vegan friendly, Sulphate & Paraben free, use 100% Recyclable packaging, Clean and Cruelty-free brand.

Direction for use for all Sugar body scrubs: Take enough quantity of sugar body scrub and apply gently to the wet body. Use water if required and rub in circular motion for even coverage and effective exfoliation. Use all over your body for 3-4 minutes until the sugar granules become small and get dissolved. Rinse well with warm water, pat dry and follow up with Bryan & Candy body butter for smooth and nourished skin.","https://bryanandcandy.com/cdn/shop/products/05_Pack_of_2_Lavender_1024x.jpg?v=1669896618
https://bryanandcandy.com/cdn/shop/products/03_Pack_of_2_Lavender_a4b52633-1bb0-408a-933c-b2fd1e92ab14_1024x.jpg?v=1669896618
https://bryanandcandy.com/cdn/shop/products/02_Pack_of_2_Lavender_1024x.jpg?v=1669896618
https://bryanandcandy.com/cdn/shop/products/04_Pack_of_2_Lavender_86da346b-76e6-407e-8ad3-2cf5c1370041_1024x.jpg?v=1669896618
https://bryanandcandy.com/cdn/shop/products/01_Pack_of_2_Lavender_3518f344-ffbb-4295-aafb-20b4869db755_1024x.jpg?v=1669896618",Bryan & Candy,Gifting,14870279946325
"Delicate Rose Kit ,Face Wash, Bath And Shower Gel, Hand And Body Lotion (Pack of 3)", 805.00,"125 ml Delicate Rose Face Wash will flawlessly reduce the effects of weather and bring in you a radiant and sparkling look.
300 ml Delicate Rose Bath & Shower Gel. Invigorate your body and skin with the best shower essentials every morning.
125 ml Delicate Rose  Hand & Body Lotion that deeply moisturizes, is wonderfully gentle and smoothes dry cracked skin.
Suitable for All Skin Types
Paraben Free, SLS Free, Cruelty Free, We love animals and therefore we do not test our products on animals.","https://bryanandcandy.com/cdn/shop/products/Copyof20220306-DSC02472_1024x.jpg?v=1652854295
https://bryanandcandy.com/cdn/shop/products/CopyofDSC04726-1_1024x.jpg?v=1652854553
https://bryanandcandy.com/cdn/shop/products/CopyofDSC04761-2_1_1024x.jpg?v=1653045751
https://bryanandcandy.com/cdn/shop/products/CopyofDSC04692-1_1024x.jpg?v=1653045790
https://bryanandcandy.com/cdn/shop/products/CopyofDSC04763-3_f80ea8a2-bec2-4b55-bce4-94787b56fa00_1024x.jpg?v=1653045829",Bryan & Candy,Gifting,14870279946325
Shower of Delight (Pack of 4), 560.00,"CLEAN MOISTURIZED SKIN: Bath & Shower Gels of 150ml each with Four different fragrances that will make you smell like a dream.
ENERGIZES YOUR SENSES: Get up, detoxify and conquer the world with Bryan & Candy’s Luxury Shower Essentials. This shower gel will not only clean, soften your skin but will also uplift your mood. The lingering perfume will stay with you the whole day.
ESSENTIAL OILS: All products are enriched with natural ingredients and Bryan & Candy’s signature collection of Four most popular fragrances for women.
A delightful gift for someone who deserves to be pampered with luxuries.
DERMATOLOGICALLY TESTED: Free of Paraben and Cruelty Free.
CRUELTY FREE- We love animals and so we Do Not Test our products on Animals.","https://bryanandcandy.com/cdn/shop/products/01_ShowerGel_packof4_website_1024x.jpg?v=1674629735
https://bryanandcandy.com/cdn/shop/products/CopyofDSC04192_1024x.jpg?v=1674629735
https://bryanandcandy.com/cdn/shop/products/4edit01_1024x.jpg?v=1674629735
https://bryanandcandy.com/cdn/shop/products/4edit02_1024x.jpg?v=1674629735
https://bryanandcandy.com/cdn/shop/products/BRYAN00000045_2_1024x.jpg?v=1674629735
https://bryanandcandy.com/cdn/shop/products/BRYAN00000045_3_1024x.jpg?v=1674629735
https://bryanandcandy.com/cdn/shop/products/BRYAN00000045_7_1024x.jpg?v=1674629735
https://bryanandcandy.com/cdn/shop/products/BRYAN00000045_4_1_1024x.jpg?v=1674629735
https://bryanandcandy.com/cdn/shop/products/BRYAN00000045_5_1024x.jpg?v=1674629735",Bryan & Candy,Gifting,14870279946325
Shower Gel Kit for Her ( Pack of 3), 315.00,"Bath & Shower Gels of 100ml each with three different fragrances that will make you smell like a dream.
Get up, detoxify and conquer the world with Bryan & Candy’s Luxury Shower Essentials.
All products are enriched with natural ingredients and Bryan & Candy’s signature collection of three most popular fragrances for women.
A delightful gift for someone who deserves to be pampered with luxuries.
We do not test our products on Animals.","https://bryanandcandy.com/cdn/shop/products/CopyofDSC04213_1024x.jpg?v=1652855567
https://bryanandcandy.com/cdn/shop/products/BRYAN00000080_1_1024x.jpg?v=1652700226
https://bryanandcandy.com/cdn/shop/products/CopyofDSC04452_1024x.jpg?v=1653046035
https://bryanandcandy.com/cdn/shop/products/CopyofDSC04222_1024x.jpg?v=1653046058
https://bryanandcandy.com/cdn/shop/products/CopyofDSC04261_1024x.jpg?v=1653046080",Bryan & Candy,Gifting,14870279946325
Fab Five Body Mist Spray (Pack of 5)," 1,225.00","Brand


BRYAN & CANDY




Scent


Wild Salsa, Nottie Berries, Urban scandal, Naked Sunshine, Tropical Fling




Ingredients


Ethyl Alcohol (Extra Neutral Alcohol) (95% v/v), Perfume, Diethyl Phthalate, PEG – 40 (Hydrogenated Castor Oil), C.I 42090, C.I19140, Aqua. Alcohol Content: 65%v/vEthyl Alcohol (Extra Neutral Alcohol) (95% v/v), Perfume, Diethyl Phthalate, PEG – 40 (Hydrogenated Castor Oil), C.I 42090, C.I19140, Aqua. Alcohol Content: 65%v/v




Item Form


Spray




Item Weight


0.75 Kilograms







Quantity: 115 ML ( Pack of 5) , Item Form: Spray
Body Mist with long aroma for whole day long. Safe to be sprayed directly on skin for long lasting freshness
Convenient travel friendly pack. Helps you to have aromatherapy on the go any time anywhere
Wrap yourself in the luxury of this irresistible scent and reveal your natural romantic self
Usage: Give it a good hard shake first to make sure all the ingredients are mixed together before you spray it. You should hold the can approximately 15cm from your body or clothes as you spray it.","https://bryanandcandy.com/cdn/shop/products/01_MistPackof_5_1024x.jpg?v=1674643666
https://bryanandcandy.com/cdn/shop/products/CopyofDSC04126_1024x.jpg?v=1674643666
https://bryanandcandy.com/cdn/shop/products/CopyofDSC07022_1080_1024x.jpg?v=1674643666
https://bryanandcandy.com/cdn/shop/products/81Vvtq1oAGL._SL1500_1024x.jpg?v=1674643663
https://bryanandcandy.com/cdn/shop/products/71TMYP16R8L._SL1500_1024x.jpg?v=1674643663
https://bryanandcandy.com/cdn/shop/products/71skYot_XML._SL1500_1024x.jpg?v=1674643663
https://bryanandcandy.com/cdn/shop/products/71NptblIj1L._SL1500_1024x.jpg?v=1674643663
https://bryanandcandy.com/cdn/shop/products/81Q40GWpn5L._SL1500_1024x.jpg?v=1674643663",Bryan & Candy,Gifting,14870279946325
Trendy Trio Body Mist Spray (Pack of 3), 735.00,"Brand


BRYAN & CANDY




Scent


Urban Desire, My Escapade, Floral Splash




Item Form


Spray




Item Weight


0.5 Kilograms




Item Volume


3*115 Millilitres







Quantity: 115 ML ( Pack of 3) , Item Form: Spray
Body Mist with long aroma for whole day long. Safe to be sprayed directly on skin for long lasting freshness
Convenient travel friendly pack. Helps you to have aromatherapy on the go any time anywhere
Wrap yourself in the luxury of this irresistible scent and reveal your natural romantic self
Usage: Give it a good hard shake first to make sure all the ingredients are mixed together before you spray it. You should hold the can approximately 15cm from your body or clothes as you spray it.","https://bryanandcandy.com/cdn/shop/products/CopyofDSC06809_1024x.jpg?v=1672050938
https://bryanandcandy.com/cdn/shop/products/CopyofDSC04071_1024x.jpg?v=1674630072
https://bryanandcandy.com/cdn/shop/products/CopyofDSC06343_daeecc97-5f63-416f-816b-ac15e0eb5d1f_1024x.jpg?v=1674630072
https://bryanandcandy.com/cdn/shop/products/CopyofDSC06910_1024x.jpg?v=1672050938
https://bryanandcandy.com/cdn/shop/products/71FTRse8UmL._SL1500_1024x.jpg?v=1672050938
https://bryanandcandy.com/cdn/shop/products/716ckwSRS_L._SL1500_1024x.jpg?v=1672050938
https://bryanandcandy.com/cdn/shop/products/71HjsPNEunL._SL1500_1024x.jpg?v=1672050938",Bryan & Candy,Gifting,14870279946325
Terrific Trio BODY MIST SPRAY (PACK OF 3), 735.00,"Brand


BRYAN & CANDY




Scent


Wild Salsa, Urban Scandal, Nottie Berries




Item Form


Spray




Item Weight


0.5 Kilograms




Item Volume


3*115 Millilitres







Quantity: 115 ML ( Pack of 3) , Item Form: Spray
Body Mist with long aroma for whole day long. Safe to be sprayed directly on skin for long lasting freshness
Convenient travel friendly pack. Helps you to have aromatherapy on the go any time anywhere
Wrap yourself in the luxury of this irresistible scent and reveal your natural romantic self
Usage: Give it a good hard shake first to make sure all the ingredients are mixed together before you spray it. You should hold the can approximately 15cm from your body or clothes as you spray it.","https://bryanandcandy.com/cdn/shop/products/Terrific_Trio_1_1024x.jpg?v=1672123009
https://bryanandcandy.com/cdn/shop/products/Terrific_Trio_6_1024x.jpg?v=1674630066
https://bryanandcandy.com/cdn/shop/products/Terrific_Trio_2_1024x.jpg?v=1674630066
https://bryanandcandy.com/cdn/shop/products/Terrific_Trio_3_b8c72973-694a-4275-815d-caf4869b28c3_1024x.jpg?v=1674630066
https://bryanandcandy.com/cdn/shop/products/Terrific_Trio_4_1024x.jpg?v=1674630066
https://bryanandcandy.com/cdn/shop/products/Terrific_Trio_5_1024x.jpg?v=1674630066
https://bryanandcandy.com/cdn/shop/products/Terrific_Trio_7_1024x.jpg?v=1672130653
https://bryanandcandy.com/cdn/shop/files/Terrific-Trio-BODY-MIST-SPRAY-_PACK-OF-3_-Bryan-_-Candy-34373231_1024x.jpg?v=1697223016",Bryan & Candy,Gifting,14870279946325
Tempting Trio Body Mist Spray (PACK OF 3), 735.00,"Brand


BRYAN & CANDY




Scent


Tropical Fling, Delicate Rose, Naked Sunshine




Item Form


Spray




Item Weight


0.5 Kilograms




Item Volume


3*115 Milliliters







Quantity: 115 ML ( Pack of 3) , Item Form: Spray
Body Mist with long aroma for whole day long. Safe to be sprayed directly on skin for long lasting freshness
Convenient travel friendly pack. Helps you to have aromatherapy on the go any time anywhere
Wrap yourself in the luxury of this irresistible scent and reveal your natural romantic self
Usage: Give it a good hard shake first to make sure all the ingredients are mixed together before you spray it. You should hold the can approximately 15cm from your body or clothes as you spray it.","https://bryanandcandy.com/cdn/shop/products/Tempting_Trio_1_1024x.jpg?v=1672140983
https://bryanandcandy.com/cdn/shop/products/Tempting_Trio_6_1024x.jpg?v=1674630080
https://bryanandcandy.com/cdn/shop/products/Tempting_Trio_2_1024x.jpg?v=1674630080
https://bryanandcandy.com/cdn/shop/products/Tempting_Trio_3_1024x.jpg?v=1674630080
https://bryanandcandy.com/cdn/shop/products/Tempting_Trio_4_1024x.jpg?v=1674630080
https://bryanandcandy.com/cdn/shop/products/Tempting_Trio_7_1024x.jpg?v=1672140983
https://bryanandcandy.com/cdn/shop/products/Tempting_Trio_8_1024x.jpg?v=1672140982",Bryan & Candy,Gifting,14870279946325
My Escapade And Urban Scandal Duo Body Mist Spray," 1,050.00","Brand


BRYAN & CANDY




Scent


My Escapade & Urban Scandal




Item Form


Spray




Item Volume


2*250 Millilitres







Quantity: 250 ML ( Pack of 2) , Item Form: Spray
Body Mist with long aroma for whole day long. Safe to be sprayed directly on skin for long lasting freshness
Convenient travel friendly pack. Helps you to have aromatherapy on the go any time anywhere
Wrap yourself in the luxury of this irresistible scent and reveal your natural romantic self
Usage: Give it a good hard shake first to make sure all the ingredients are mixed together before you spray it. You should hold the can approximately 15cm from your body or clothes as you spray it.","https://bryanandcandy.com/cdn/shop/products/CopyofDSC06333_1024x.jpg?v=1652187108
https://bryanandcandy.com/cdn/shop/products/20220308-DSC04008_33b350b9-a61f-45b9-ba77-10c7c0a61f49_1024x.jpg?v=1653284382
https://bryanandcandy.com/cdn/shop/products/CopyofDSC06895_1024x.jpg?v=1653284382
https://bryanandcandy.com/cdn/shop/products/71yHssIc7JL._SL1500_1024x.jpg?v=1653284382
https://bryanandcandy.com/cdn/shop/products/71NZGQRDTFL._SL1500_1024x.jpg?v=1653284382
https://bryanandcandy.com/cdn/shop/products/718qb-0DWXL._SL1500_1024x.jpg?v=1653284382
https://bryanandcandy.com/cdn/shop/products/71pa3VT20XL._SL1500__1_9185578e-5a0a-4b59-abc4-1e2ce7783863_1024x.jpg?v=1653284382",Bryan & Candy,Gifting,14870279946325
Luxury Grooming Gift Kit for Men, 735.00,"A luxury slice of grooming fun with a boost of sheer freshness.
Wake up and then wake up again with our 100ml Shower Gel.
Give your face a citrusy bang of freshness with 50ml Revitalizing Face Wash
50ml After-Shave Balm for smooth and rash-free skin.
100ml Lemon thyme and spearmint Hair & Body Wash, did you know? Lemon & Thyme are the most beneficial herbs for your hair.
 We do not test our products on Animals.","https://bryanandcandy.com/cdn/shop/products/01_BlackMens_Kit_1024x.jpg?v=1675078074
https://bryanandcandy.com/cdn/shop/products/WhatsAppImage2022-06-23at3.29.41PM_1024x.jpg?v=1675078074
https://bryanandcandy.com/cdn/shop/products/02_BlackMens_Kit_1024x.jpg?v=1675078074
https://bryanandcandy.com/cdn/shop/products/CopyofDSC02467_1024x.jpg?v=1675078074
https://bryanandcandy.com/cdn/shop/products/WhatsAppImage2022-06-23at3.29.41PM_7_1024x.jpg?v=1675078057
https://bryanandcandy.com/cdn/shop/products/NewProject_17_1024x.jpg?v=1675078057",Bryan & Candy,Gifting,14870279946325
SMALL START RIGHT GIFT SET FOR MEN, 560.00,"Give your face a citrusy bang of freshness with 100ml Revitalizing Face Wash
We love animals and so we do Not Test our products on Animals.
50ml After-Shave Balm for a smooth and rash-free skin.
Wake up and then wake up again with our 100ml Shower Gel. 
We do not test our products on Animals.","https://bryanandcandy.com/cdn/shop/products/CopyofDSC02503_1024x.jpg?v=1653056842
https://bryanandcandy.com/cdn/shop/products/WhatsAppImage2022-07-01at1.26.49PM_1024x.jpg?v=1656662288
https://bryanandcandy.com/cdn/shop/products/WhatsAppImage2022-07-01at2.04.53PM_1024x.jpg?v=1656664578
https://bryanandcandy.com/cdn/shop/products/WhatsAppImage2022-07-01at2.10.02PM_1_1024x.jpg?v=1656664903
https://bryanandcandy.com/cdn/shop/products/WhatsAppImage2022-07-01at2.10.02PM_2_1024x.jpg?v=1656664935",Bryan & Candy,Gifting,14870279946325
"Long-Lasting Women's Perfume Collection - Perfume (EDP) Set of 4 (25ml each), Curated For the Woman of Today", 980.00,"Introducing Luxurious Women Perfumes Set of 4 - 25ml Each
All The Variants are carefully crafted to evoke specific moods and emotions
Long Lasting Experience upto 12 hours
All Perfumes are Cruelty-Free and Vegan","https://bryanandcandy.com/cdn/shop/products/25ml_packof_4_3_website_1024x.jpg?v=1675152247
https://bryanandcandy.com/cdn/shop/products/25ml_packof_4_9_1024x.jpg?v=1675155087
https://bryanandcandy.com/cdn/shop/products/25ml_packof_4_4_1024x.jpg?v=1675155087
https://bryanandcandy.com/cdn/shop/products/25ml_packof_4_5_1024x.jpg?v=1675155087
https://bryanandcandy.com/cdn/shop/products/25ml_packof_4_6_1024x.jpg?v=1675155087
https://bryanandcandy.com/cdn/shop/products/25ml_packof_4_7_1024x.jpg?v=1675155087
https://bryanandcandy.com/cdn/shop/products/25ml_packof_4_8_1024x.jpg?v=1675155087
https://bryanandcandy.com/cdn/shop/products/25ml_packof_4_1_1024x.jpg?v=1675155087
https://bryanandcandy.com/cdn/shop/products/25ml_packof_4_2_1024x.jpg?v=1675155087
https://bryanandcandy.com/cdn/shop/products/25ml_packof_4_3A_website_1024x.jpg?v=1675155087",Bryan & Candy,Gifting,14870279946325
Discover Women's Perfume Set | 4 Unique Scents, 420.00,"A set of 4 long-lasting and soothing fragrances curated for the modern woman
Includes four unique perfumes: Enigma, Delicate Rose, Icandy, and Illusion
Each perfume contains 8ml of fragrance
Provides a variety of fragrances to choose from, suitable for different moods and occasions
Enigma: a hypnotic blend of fruity flavors and floral elegance
Delicate Rose: a fresh and delicate rose fragrance with a modern twist
Icandy : a fruity and floral fragrance with a long-lasting and soothing effect
Illusion: a woody and musky fragrance with a hint of floral and fruity notes
Designed to evoke a sense of sophistication and elegance, with a modern touch
A great gift for a loved one or for treating yourself to a new fragrance experience.","https://bryanandcandy.com/cdn/shop/products/Discovery_Kit_her_08_1024x.jpg?v=1676963030
https://bryanandcandy.com/cdn/shop/products/Discovery_Kit_her_02_1024x.jpg?v=1676963030
https://bryanandcandy.com/cdn/shop/products/Discovery_Kit_her_04_1_1024x.jpg?v=1676971440
https://bryanandcandy.com/cdn/shop/products/Discovery_Kit_her_07_1024x.jpg?v=1676971440
https://bryanandcandy.com/cdn/shop/products/Discovery_Kit_her_06_1024x.jpg?v=1676971440
https://bryanandcandy.com/cdn/shop/products/Discovery_Kit_her_05_1024x.jpg?v=1676971440
https://bryanandcandy.com/cdn/shop/products/Discovery_Kit_her_03_1024x.jpg?v=1676971440
https://bryanandcandy.com/cdn/shop/products/Discovery_Kit_her_01_1024x.jpg?v=1676971440",Bryan & Candy,Gifting,14870279946325
"Long-Lasting Men's Perfume Collection - Perfume (EDP) Set of 4 (30ml each), Curated For the Man of Today", 980.00,"Introducing Luxurious Men Perfumes Set of 4 - 30ml Each
All The Variants are carefully crafted to evoke specific moods and emotions
Long Lasting Experience upto 12 hours
All Perfumes are Cruelty Free and Vegan","https://bryanandcandy.com/cdn/shop/products/02_30ml_packof4_1024x.jpg?v=1674069795
https://bryanandcandy.com/cdn/shop/products/03_30ml_packof4_1024x.jpg?v=1674069795
https://bryanandcandy.com/cdn/shop/products/04_30ml_packof4_1024x.jpg?v=1674069795
https://bryanandcandy.com/cdn/shop/files/Long-Lasting-Men_s-Perfume-Collection-Perfume-_EDP_-Set-of-4-_30ml-each_-Curated-For-the-Man-of-Today-Bryan-_-Candy-34472774_1024x.jpg?v=1697225040
https://bryanandcandy.com/cdn/shop/files/Long-Lasting-Men_s-Perfume-Collection-Perfume-_EDP_-Set-of-4-_30ml-each_-Curated-For-the-Man-of-Today-Bryan-_-Candy-34472895_1024x.jpg?v=1697225050
https://bryanandcandy.com/cdn/shop/files/Long-Lasting-Men_s-Perfume-Collection-Perfume-_EDP_-Set-of-4-_30ml-each_-Curated-For-the-Man-of-Today-Bryan-_-Candy-34472991_1024x.jpg?v=1697225058
https://bryanandcandy.com/cdn/shop/products/08_30ml_packof4_1024x.jpg?v=1674069795
https://bryanandcandy.com/cdn/shop/products/09_30ml_packof4_1024x.jpg?v=1674069795
https://bryanandcandy.com/cdn/shop/products/01_30ml_packof4_1024x.jpg?v=1674069795",Bryan & Candy,Gifting,14870279946325
Men's Perfume (EDP) Discovery Set, 420.00,"Bryan & Candy Men's Discovery Set Perfume is a collection of four distinct and unique fragrances: Inspire, Magnate, Triumph, and Aqua Sport.
Each fragrance comes in a compact 8ml bottle, making it easy to carry and use on-the-go.
The perfumes are all eau de parfum (EDP), which means they have a higher concentration of fragrance oils and are longer lasting compared to eau de toilette (EDT) or cologne.
The fragrances in this set are carefully curated and crafted to offer a range of scents that suit different moods and occasions.
The soothing fragrances are designed to evoke a sense of confidence and sophistication in the wearer, making them perfect for the man of today.
The Bryan & Candy Men's Discovery Set Perfume offers a great opportunity to sample and discover new fragrances, or to gift to someone special who enjoys quality and long-lasting perfumes.","https://bryanandcandy.com/cdn/shop/products/Discovery_Set_Him_08_1024x.jpg?v=1676982470
https://bryanandcandy.com/cdn/shop/products/Discovery_Set_Him_02_1024x.jpg?v=1676982470
https://bryanandcandy.com/cdn/shop/products/Discovery_Set_Him_04_1024x.jpg?v=1676982470
https://bryanandcandy.com/cdn/shop/products/Discovery_Set_Him_05_1024x.jpg?v=1676982470
https://bryanandcandy.com/cdn/shop/products/Discovery_Set_Him_06_1024x.jpg?v=1676982470
https://bryanandcandy.com/cdn/shop/products/Discovery_Set_Him_07_1024x.jpg?v=1676982470
https://bryanandcandy.com/cdn/shop/products/Discovery_Set_Him_01_1024x.jpg?v=1676982470
https://bryanandcandy.com/cdn/shop/products/Discovery_Set_Him_03_1024x.jpg?v=1676982470",Bryan & Candy,Gifting,14870279946325
Activated Charcoal Kit for Men & Women ( Pack of 3), 822.00,"Activated Organic Bamboo Charcoal Face Wash 100ml – Activated Organic Bamboo Charcoal helps to exfoliate and cleanse all the impurities, and dirt from the face that is caused by pollution and other contaminants. Vitamin E has antioxidant properties that reduce oxidative stress and is very good for the skin; beard hair. Provitamin B5 helps prevent moisture loss and helps to smooth the skin prevent dryness. Allantoin soothes and protects the skin.
Activated Charcoal Face Scrub 100ml – Activated Organic Bamboo Charcoal helps to exfoliate and cleanse all the impurities; dirt from the face that is caused by pollution and other contaminants. Organic Aloe vera hydrates and rejuvenates the skin naturally.  Vitamin E is a powerful antioxidant that helps reduce free radical damage and protects the skin cells. It helps to protect the skin against aging, inflammation, and sun damage, thereby making your skin softer, brighter and more supple.
Activated Organic Bamboo Charcoal Bath & Shower Gel 200 ml – Masculine Scent will leave you with a refreshed bathing experience. All-Natural ingredients, Activated Charcoal, Organic Aloe vera, Provitamin B5 and Vit E energize and cleanse your skin.
These gift boxes for men & women have been designed to cater to various aspects of life.
We love animals and so we Do Not Test our products on Animals.","https://bryanandcandy.com/cdn/shop/products/CopyofDSC06237_1024x.jpg?v=1652258569
https://bryanandcandy.com/cdn/shop/products/NewProject_9_1024x.jpg?v=1674629885
https://bryanandcandy.com/cdn/shop/products/WhatsAppImage2022-06-23at2.55.40PM_2_1024x.jpg?v=1674629885
https://bryanandcandy.com/cdn/shop/products/CopyofDSC04657_1024x.jpg?v=1655976644",Bryan & Candy,Gifting,14870279946325
Superio Complete Face & Body Care Kit, 840.00,"Bryan and Candy Superio Complete Face and Body Care Kit for Men offers a comprehensive range of grooming essentials, ensuring a head-to-toe grooming experience.
The kit includes a refreshing shower gel that cleanses and rejuvenates the body, leaving you feeling refreshed and energized.
Nourish and revitalize your skin with the included face mask, which provides deep hydration and helps improve the overall appearance of your skin.
The face wash and face scrub work together to deeply cleanse your skin, removing impurities and dead skin cells, promoting a smoother and clearer complexion.
Bryan and Candy Superio products are cruelty-free, meaning no animals were harmed during their development and production.
All products in the kit are free from sulfates and parabens, ensuring safer and healthier skincare.
The kit is a perfect gifting option for men, offering a complete set of grooming products that cater to their specific needs.





Each product in the kit is carefully selected to provide a comprehensive grooming routine, covering essential aspects of face and body care.
Suitable for all skin types, the Bryan and Candy Superio Complete Face and Body Care Kit addresses specific skincare concerns and promotes overall skin health.
Elevate your self-care routine with this high-quality grooming kit, designed to enhance your grooming experience and leave you feeling confident and refreshed.","https://bryanandcandy.com/cdn/shop/files/1-Mens-Kit-Ultra-Moisturizing-face-and-body-care_1024x.jpg?v=1694087131
https://bryanandcandy.com/cdn/shop/files/2-Mens-Kit-Ultra-Moisturizing-face-and-body-care_1024x.jpg?v=1694087133
https://bryanandcandy.com/cdn/shop/files/3-Mens-Kit-Ultra-Moisturizing-face-and-body-care_1024x.jpg?v=1694087132
https://bryanandcandy.com/cdn/shop/files/4-Mens-Kit-Ultra-Moisturizing-face-and-body-care_1024x.jpg?v=1694087131
https://bryanandcandy.com/cdn/shop/files/5-Mens-Kit-Ultra-Moisturizing-face-and-body-care_1024x.jpg?v=1694087132
https://bryanandcandy.com/cdn/shop/files/6-Mens-Kit-Ultra-Moisturizing-face-and-body-care_1024x.jpg?v=1694087133
https://bryanandcandy.com/cdn/shop/files/7-Mens-Kit-Ultra-Moisturizing-face-and-body-care_1024x.jpg?v=1694087134
https://bryanandcandy.com/cdn/shop/files/8-Mens-Kit-Ultra-Moisturizing-face-and-body-care_1024x.jpg?v=1694087131",Bryan & Candy,Gifting,14870279946325
Coffee Bath Tub Kit, 980.00,"Elevate your bathing routine with the luxurious Bryan and Candy Coffee Bath Tub Kit.
This indulgent set includes a Coffee Face Wash, Face Scrub, Face Mask, Bath and Shower Gel, Choco Body Butter, and a Bathing Bar.
Infused with the enchanting aroma of coffee, it provides a sensory delight during every use.
Gently exfoliate and rejuvenate your skin with the coffee-infused Face Scrub and Face Mask.
The Bath and Shower Gel cleanses and moisturizes, leaving you feeling refreshed and invigorated.
The Choco Body Butter provides deep hydration and a tempting chocolate fragrance.
Bryan and Candy's Coffee Bathing Bar offers a revitalizing cleansing experience.
Perfect for gifting, it makes an ideal present for loved ones.
This kit is free from parabens, sulphates, and maintains a pH level of 5.5, ensuring gentle and balanced care for your skin.
It's also vegan-friendly, adhering to ethical skincare practices. Transform your bath time into a spa-like experience with this exquisite kit.","https://bryanandcandy.com/cdn/shop/files/1_83356c29-305f-42e6-b695-d602379dfda6_1024x.jpg?v=1693574061
https://bryanandcandy.com/cdn/shop/files/2_0d4fb2a7-7663-418b-8160-234528d30fcb_1024x.jpg?v=1694000353
https://bryanandcandy.com/cdn/shop/files/3_1024x.jpg?v=1694000353
https://bryanandcandy.com/cdn/shop/files/4_1024x.jpg?v=1694000353
https://bryanandcandy.com/cdn/shop/files/5_6e3b9873-d4c3-45cc-87ce-4b50e60c2ca9_1024x.jpg?v=1694000353
https://bryanandcandy.com/cdn/shop/files/6_1024x.jpg?v=1694000353
https://bryanandcandy.com/cdn/shop/files/7_1024x.jpg?v=1694000353
https://bryanandcandy.com/cdn/shop/files/8_1024x.jpg?v=1694000353",Bryan & Candy,Gifting,14870279946325
